location,location_name,inc,type,forecast_date,forecast_time,forecast_week,expert,median,shape_log_normal,horizon,target_end_date,zero_baseline,forecaster_id,quantile,value,target
GM,Germany,incident,quantile,2020-10-27T00:00:00Z,2020-10-27T11:11:50.970918Z,44,TRUE,84467,0.07,1,2020-10-31T00:00:00Z,TRUE,,0.01,71773.5895167572,1 wk ahead inc case
GM,Germany,incident,quantile,2020-10-27T00:00:00Z,2020-10-27T11:11:50.970918Z,44,TRUE,84467,0.07,1,2020-10-31T00:00:00Z,TRUE,,0.025,73638.1656694732,1 wk ahead inc case
GM,Germany,incident,quantile,2020-10-27T00:00:00Z,2020-10-27T11:11:50.970918Z,44,TRUE,84467,0.07,1,2020-10-31T00:00:00Z,TRUE,,0.05,75280.502599363,1 wk ahead inc case
GM,Germany,incident,quantile,2020-10-27T00:00:00Z,2020-10-27T11:11:50.970918Z,44,TRUE,84467,0.07,1,2020-10-31T00:00:00Z,TRUE,,0.1,77219.5231769948,1 wk ahead inc case
GM,Germany,incident,quantile,2020-10-27T00:00:00Z,2020-10-27T11:11:50.970918Z,44,TRUE,84467,0.07,1,2020-10-31T00:00:00Z,TRUE,,0.15,78555.9090340519,1 wk ahead inc case
GM,Germany,incident,quantile,2020-10-27T00:00:00Z,2020-10-27T11:11:50.970918Z,44,TRUE,84467,0.07,1,2020-10-31T00:00:00Z,TRUE,,0.2,79634.5018437969,1 wk ahead inc case
GM,Germany,incident,quantile,2020-10-27T00:00:00Z,2020-10-27T11:11:50.970918Z,44,TRUE,84467,0.07,1,2020-10-31T00:00:00Z,TRUE,,0.25,80571.6332702179,1 wk ahead inc case
GM,Germany,incident,quantile,2020-10-27T00:00:00Z,2020-10-27T11:11:50.970918Z,44,TRUE,84467,0.07,1,2020-10-31T00:00:00Z,TRUE,,0.3,81422.6011318201,1 wk ahead inc case
GM,Germany,incident,quantile,2020-10-27T00:00:00Z,2020-10-27T11:11:50.970918Z,44,TRUE,84467,0.07,1,2020-10-31T00:00:00Z,TRUE,,0.35,82219.1705213663,1 wk ahead inc case
GM,Germany,incident,quantile,2020-10-27T00:00:00Z,2020-10-27T11:11:50.970918Z,44,TRUE,84467,0.07,1,2020-10-31T00:00:00Z,TRUE,,0.4,82982.2416036049,1 wk ahead inc case
GM,Germany,incident,quantile,2020-10-27T00:00:00Z,2020-10-27T11:11:50.970918Z,44,TRUE,84467,0.07,1,2020-10-31T00:00:00Z,TRUE,,0.45,83727.261658885,1 wk ahead inc case
GM,Germany,incident,quantile,2020-10-27T00:00:00Z,2020-10-27T11:11:50.970918Z,44,TRUE,84467,0.07,1,2020-10-31T00:00:00Z,TRUE,,0.5,84467,1 wk ahead inc case
GM,Germany,incident,quantile,2020-10-27T00:00:00Z,2020-10-27T11:11:50.970918Z,44,TRUE,84467,0.07,1,2020-10-31T00:00:00Z,TRUE,,0.55,85213.2739999014,1 wk ahead inc case
GM,Germany,incident,quantile,2020-10-27T00:00:00Z,2020-10-27T11:11:50.970918Z,44,TRUE,84467,0.07,1,2020-10-31T00:00:00Z,TRUE,,0.6,85978.3244116421,1 wk ahead inc case
GM,Germany,incident,quantile,2020-10-27T00:00:00Z,2020-10-27T11:11:50.970918Z,44,TRUE,84467,0.07,1,2020-10-31T00:00:00Z,TRUE,,0.65,86776.2839707306,1 wk ahead inc case
GM,Germany,incident,quantile,2020-10-27T00:00:00Z,2020-10-27T11:11:50.970918Z,44,TRUE,84467,0.07,1,2020-10-31T00:00:00Z,TRUE,,0.7,87625.2292339474,1 wk ahead inc case
GM,Germany,incident,quantile,2020-10-27T00:00:00Z,2020-10-27T11:11:50.970918Z,44,TRUE,84467,0.07,1,2020-10-31T00:00:00Z,TRUE,,0.75,88550.694573511,1 wk ahead inc case
GM,Germany,incident,quantile,2020-10-27T00:00:00Z,2020-10-27T11:11:50.970918Z,44,TRUE,84467,0.07,1,2020-10-31T00:00:00Z,TRUE,,0.8,89592.7509284188,1 wk ahead inc case
GM,Germany,incident,quantile,2020-10-27T00:00:00Z,2020-10-27T11:11:50.970918Z,44,TRUE,84467,0.07,1,2020-10-31T00:00:00Z,TRUE,,0.85,90822.8824124144,1 wk ahead inc case
GM,Germany,incident,quantile,2020-10-27T00:00:00Z,2020-10-27T11:11:50.970918Z,44,TRUE,84467,0.07,1,2020-10-31T00:00:00Z,TRUE,,0.9,92394.6923713401,1 wk ahead inc case
GM,Germany,incident,quantile,2020-10-27T00:00:00Z,2020-10-27T11:11:50.970918Z,44,TRUE,84467,0.07,1,2020-10-31T00:00:00Z,TRUE,,0.95,94774.5278345201,1 wk ahead inc case
GM,Germany,incident,quantile,2020-10-27T00:00:00Z,2020-10-27T11:11:50.970918Z,44,TRUE,84467,0.07,1,2020-10-31T00:00:00Z,TRUE,,0.975,96888.2647216414,1 wk ahead inc case
GM,Germany,incident,quantile,2020-10-27T00:00:00Z,2020-10-27T11:11:50.970918Z,44,TRUE,84467,0.07,1,2020-10-31T00:00:00Z,TRUE,,0.99,99405.2845487719,1 wk ahead inc case
GM,Germany,incident,quantile,2020-10-27T00:00:00Z,2020-10-27T11:11:50.970918Z,44,TRUE,101312,0.09,2,2020-11-07T00:00:00Z,TRUE,,0.01,82173.5566946393,2 wk ahead inc case
GM,Germany,incident,quantile,2020-10-27T00:00:00Z,2020-10-27T11:11:50.970918Z,44,TRUE,101312,0.09,2,2020-11-07T00:00:00Z,TRUE,,0.025,84928.3623834704,2 wk ahead inc case
GM,Germany,incident,quantile,2020-10-27T00:00:00Z,2020-10-27T11:11:50.970918Z,44,TRUE,101312,0.09,2,2020-11-07T00:00:00Z,TRUE,,0.05,87371.4034812692,2 wk ahead inc case
GM,Germany,incident,quantile,2020-10-27T00:00:00Z,2020-10-27T11:11:50.970918Z,44,TRUE,101312,0.09,2,2020-11-07T00:00:00Z,TRUE,,0.1,90275.4203390736,2 wk ahead inc case
GM,Germany,incident,quantile,2020-10-27T00:00:00Z,2020-10-27T11:11:50.970918Z,44,TRUE,101312,0.09,2,2020-11-07T00:00:00Z,TRUE,,0.15,92289.0831889217,2 wk ahead inc case
GM,Germany,incident,quantile,2020-10-27T00:00:00Z,2020-10-27T11:11:50.970918Z,44,TRUE,101312,0.09,2,2020-11-07T00:00:00Z,TRUE,,0.2,93921.4648964283,2 wk ahead inc case
GM,Germany,incident,quantile,2020-10-27T00:00:00Z,2020-10-27T11:11:50.970918Z,44,TRUE,101312,0.09,2,2020-11-07T00:00:00Z,TRUE,,0.25,95344.8945918045,2 wk ahead inc case
GM,Germany,incident,quantile,2020-10-27T00:00:00Z,2020-10-27T11:11:50.970918Z,44,TRUE,101312,0.09,2,2020-11-07T00:00:00Z,TRUE,,0.3,96641.5543633329,2 wk ahead inc case
GM,Germany,incident,quantile,2020-10-27T00:00:00Z,2020-10-27T11:11:50.970918Z,44,TRUE,101312,0.09,2,2020-11-07T00:00:00Z,TRUE,,0.35,97858.8390370347,2 wk ahead inc case
GM,Germany,incident,quantile,2020-10-27T00:00:00Z,2020-10-27T11:11:50.970918Z,44,TRUE,101312,0.09,2,2020-11-07T00:00:00Z,TRUE,,0.4,99028.0976958529,2 wk ahead inc case
GM,Germany,incident,quantile,2020-10-27T00:00:00Z,2020-10-27T11:11:50.970918Z,44,TRUE,101312,0.09,2,2020-11-07T00:00:00Z,TRUE,,0.45,100172.664599302,2 wk ahead inc case
GM,Germany,incident,quantile,2020-10-27T00:00:00Z,2020-10-27T11:11:50.970918Z,44,TRUE,101312,0.09,2,2020-11-07T00:00:00Z,TRUE,,0.5,101312,2 wk ahead inc case
GM,Germany,incident,quantile,2020-10-27T00:00:00Z,2020-10-27T11:11:50.970918Z,44,TRUE,101312,0.09,2,2020-11-07T00:00:00Z,TRUE,,0.55,102464.293877548,2 wk ahead inc case
GM,Germany,incident,quantile,2020-10-27T00:00:00Z,2020-10-27T11:11:50.970918Z,44,TRUE,101312,0.09,2,2020-11-07T00:00:00Z,TRUE,,0.6,103648.576341681,2 wk ahead inc case
GM,Germany,incident,quantile,2020-10-27T00:00:00Z,2020-10-27T11:11:50.970918Z,44,TRUE,101312,0.09,2,2020-11-07T00:00:00Z,TRUE,,0.65,104887.013222337,2 wk ahead inc case
GM,Germany,incident,quantile,2020-10-27T00:00:00Z,2020-10-27T11:11:50.970918Z,44,TRUE,101312,0.09,2,2020-11-07T00:00:00Z,TRUE,,0.7,106208.156642546,2 wk ahead inc case
GM,Germany,incident,quantile,2020-10-27T00:00:00Z,2020-10-27T11:11:50.970918Z,44,TRUE,101312,0.09,2,2020-11-07T00:00:00Z,TRUE,,0.75,107652.5532693,2 wk ahead inc case
GM,Germany,incident,quantile,2020-10-27T00:00:00Z,2020-10-27T11:11:50.970918Z,44,TRUE,101312,0.09,2,2020-11-07T00:00:00Z,TRUE,,0.8,109284.084903475,2 wk ahead inc case
GM,Germany,incident,quantile,2020-10-27T00:00:00Z,2020-10-27T11:11:50.970918Z,44,TRUE,101312,0.09,2,2020-11-07T00:00:00Z,TRUE,,0.85,111217.069119526,2 wk ahead inc case
GM,Germany,incident,quantile,2020-10-27T00:00:00Z,2020-10-27T11:11:50.970918Z,44,TRUE,101312,0.09,2,2020-11-07T00:00:00Z,TRUE,,0.9,113697.8515907,2 wk ahead inc case
GM,Germany,incident,quantile,2020-10-27T00:00:00Z,2020-10-27T11:11:50.970918Z,44,TRUE,101312,0.09,2,2020-11-07T00:00:00Z,TRUE,,0.95,117476.896730868,2 wk ahead inc case
GM,Germany,incident,quantile,2020-10-27T00:00:00Z,2020-10-27T11:11:50.970918Z,44,TRUE,101312,0.09,2,2020-11-07T00:00:00Z,TRUE,,0.975,120856.225834842,2 wk ahead inc case
GM,Germany,incident,quantile,2020-10-27T00:00:00Z,2020-10-27T11:11:50.970918Z,44,TRUE,101312,0.09,2,2020-11-07T00:00:00Z,TRUE,,0.99,124907.838444209,2 wk ahead inc case
GM,Germany,incident,quantile,2020-10-27T00:00:00Z,2020-10-27T11:11:50.970918Z,44,TRUE,124987,0.11,3,2020-11-14T00:00:00Z,TRUE,,0.01,96767.5262862295,3 wk ahead inc case
GM,Germany,incident,quantile,2020-10-27T00:00:00Z,2020-10-27T11:11:50.970918Z,44,TRUE,124987,0.11,3,2020-11-14T00:00:00Z,TRUE,,0.025,100747.127937286,3 wk ahead inc case
GM,Germany,incident,quantile,2020-10-27T00:00:00Z,2020-10-27T11:11:50.970918Z,44,TRUE,124987,0.11,3,2020-11-14T00:00:00Z,TRUE,,0.05,104300.466318263,3 wk ahead inc case
GM,Germany,incident,quantile,2020-10-27T00:00:00Z,2020-10-27T11:11:50.970918Z,44,TRUE,124987,0.11,3,2020-11-14T00:00:00Z,TRUE,,0.1,108553.057175747,3 wk ahead inc case
GM,Germany,incident,quantile,2020-10-27T00:00:00Z,2020-10-27T11:11:50.970918Z,44,TRUE,124987,0.11,3,2020-11-14T00:00:00Z,TRUE,,0.15,111519.789454609,3 wk ahead inc case
GM,Germany,incident,quantile,2020-10-27T00:00:00Z,2020-10-27T11:11:50.970918Z,44,TRUE,124987,0.11,3,2020-11-14T00:00:00Z,TRUE,,0.2,113935.374374714,3 wk ahead inc case
GM,Germany,incident,quantile,2020-10-27T00:00:00Z,2020-10-27T11:11:50.970918Z,44,TRUE,124987,0.11,3,2020-11-14T00:00:00Z,TRUE,,0.25,116049.388029568,3 wk ahead inc case
GM,Germany,incident,quantile,2020-10-27T00:00:00Z,2020-10-27T11:11:50.970918Z,44,TRUE,124987,0.11,3,2020-11-14T00:00:00Z,TRUE,,0.3,117981.245512127,3 wk ahead inc case
GM,Germany,incident,quantile,2020-10-27T00:00:00Z,2020-10-27T11:11:50.970918Z,44,TRUE,124987,0.11,3,2020-11-14T00:00:00Z,TRUE,,0.35,119800.095229986,3 wk ahead inc case
GM,Germany,incident,quantile,2020-10-27T00:00:00Z,2020-10-27T11:11:50.970918Z,44,TRUE,124987,0.11,3,2020-11-14T00:00:00Z,TRUE,,0.4,121551.92655686,3 wk ahead inc case
GM,Germany,incident,quantile,2020-10-27T00:00:00Z,2020-10-27T11:11:50.970918Z,44,TRUE,124987,0.11,3,2020-11-14T00:00:00Z,TRUE,,0.45,123271.221880045,3 wk ahead inc case
GM,Germany,incident,quantile,2020-10-27T00:00:00Z,2020-10-27T11:11:50.970918Z,44,TRUE,124987,0.11,3,2020-11-14T00:00:00Z,TRUE,,0.5,124987,3 wk ahead inc case
GM,Germany,incident,quantile,2020-10-27T00:00:00Z,2020-10-27T11:11:50.970918Z,44,TRUE,124987,0.11,3,2020-11-14T00:00:00Z,TRUE,,0.55,126726.659562128,3 wk ahead inc case
GM,Germany,incident,quantile,2020-10-27T00:00:00Z,2020-10-27T11:11:50.970918Z,44,TRUE,124987,0.11,3,2020-11-14T00:00:00Z,TRUE,,0.6,128519.149070767,3 wk ahead inc case
GM,Germany,incident,quantile,2020-10-27T00:00:00Z,2020-10-27T11:11:50.970918Z,44,TRUE,124987,0.11,3,2020-11-14T00:00:00Z,TRUE,,0.65,130398.478724163,3 wk ahead inc case
GM,Germany,incident,quantile,2020-10-27T00:00:00Z,2020-10-27T11:11:50.970918Z,44,TRUE,124987,0.11,3,2020-11-14T00:00:00Z,TRUE,,0.7,132408.757859691,3 wk ahead inc case
GM,Germany,incident,quantile,2020-10-27T00:00:00Z,2020-10-27T11:11:50.970918Z,44,TRUE,124987,0.11,3,2020-11-14T00:00:00Z,TRUE,,0.75,134612.947420453,3 wk ahead inc case
GM,Germany,incident,quantile,2020-10-27T00:00:00Z,2020-10-27T11:11:50.970918Z,44,TRUE,124987,0.11,3,2020-11-14T00:00:00Z,TRUE,,0.8,137110.623059198,3 wk ahead inc case
GM,Germany,incident,quantile,2020-10-27T00:00:00Z,2020-10-27T11:11:50.970918Z,44,TRUE,124987,0.11,3,2020-11-14T00:00:00Z,TRUE,,0.85,140080.520644799,3 wk ahead inc case
GM,Germany,incident,quantile,2020-10-27T00:00:00Z,2020-10-27T11:11:50.970918Z,44,TRUE,124987,0.11,3,2020-11-14T00:00:00Z,TRUE,,0.9,143908.891886005,3 wk ahead inc case
GM,Germany,incident,quantile,2020-10-27T00:00:00Z,2020-10-27T11:11:50.970918Z,44,TRUE,124987,0.11,3,2020-11-14T00:00:00Z,TRUE,,0.95,149776.417310846,3 wk ahead inc case
GM,Germany,incident,quantile,2020-10-27T00:00:00Z,2020-10-27T11:11:50.970918Z,44,TRUE,124987,0.11,3,2020-11-14T00:00:00Z,TRUE,,0.975,155059.012488419,3 wk ahead inc case
GM,Germany,incident,quantile,2020-10-27T00:00:00Z,2020-10-27T11:11:50.970918Z,44,TRUE,124987,0.11,3,2020-11-14T00:00:00Z,TRUE,,0.99,161435.873877692,3 wk ahead inc case
GM,Germany,incident,quantile,2020-10-27T00:00:00Z,2020-10-27T11:11:50.970918Z,44,TRUE,153565,0.13,4,2020-11-21T00:00:00Z,TRUE,,0.01,113488.181817014,4 wk ahead inc case
GM,Germany,incident,quantile,2020-10-27T00:00:00Z,2020-10-27T11:11:50.970918Z,44,TRUE,153565,0.13,4,2020-11-21T00:00:00Z,TRUE,,0.025,119024.411672112,4 wk ahead inc case
GM,Germany,incident,quantile,2020-10-27T00:00:00Z,2020-10-27T11:11:50.970918Z,44,TRUE,153565,0.13,4,2020-11-21T00:00:00Z,TRUE,,0.05,124001.412747045,4 wk ahead inc case
GM,Germany,incident,quantile,2020-10-27T00:00:00Z,2020-10-27T11:11:50.970918Z,44,TRUE,153565,0.13,4,2020-11-21T00:00:00Z,TRUE,,0.1,129998.410914254,4 wk ahead inc case
GM,Germany,incident,quantile,2020-10-27T00:00:00Z,2020-10-27T11:11:50.970918Z,44,TRUE,153565,0.13,4,2020-11-21T00:00:00Z,TRUE,,0.15,134207.564395294,4 wk ahead inc case
GM,Germany,incident,quantile,2020-10-27T00:00:00Z,2020-10-27T11:11:50.970918Z,44,TRUE,153565,0.13,4,2020-11-21T00:00:00Z,TRUE,,0.2,137649.853844968,4 wk ahead inc case
GM,Germany,incident,quantile,2020-10-27T00:00:00Z,2020-10-27T11:11:50.970918Z,44,TRUE,153565,0.13,4,2020-11-21T00:00:00Z,TRUE,,0.25,140673.31153317,4 wk ahead inc case
GM,Germany,incident,quantile,2020-10-27T00:00:00Z,2020-10-27T11:11:50.970918Z,44,TRUE,153565,0.13,4,2020-11-21T00:00:00Z,TRUE,,0.3,143445.025396007,4 wk ahead inc case
GM,Germany,incident,quantile,2020-10-27T00:00:00Z,2020-10-27T11:11:50.970918Z,44,TRUE,153565,0.13,4,2020-11-21T00:00:00Z,TRUE,,0.35,146062.157810011,4 wk ahead inc case
GM,Germany,incident,quantile,2020-10-27T00:00:00Z,2020-10-27T11:11:50.970918Z,44,TRUE,153565,0.13,4,2020-11-21T00:00:00Z,TRUE,,0.4,148589.698583893,4 wk ahead inc case
GM,Germany,incident,quantile,2020-10-27T00:00:00Z,2020-10-27T11:11:50.970918Z,44,TRUE,153565,0.13,4,2020-11-21T00:00:00Z,TRUE,,0.45,151076.745353327,4 wk ahead inc case
GM,Germany,incident,quantile,2020-10-27T00:00:00Z,2020-10-27T11:11:50.970918Z,44,TRUE,153565,0.13,4,2020-11-21T00:00:00Z,TRUE,,0.5,153565,4 wk ahead inc case
GM,Germany,incident,quantile,2020-10-27T00:00:00Z,2020-10-27T11:11:50.970918Z,44,TRUE,153565,0.13,4,2020-11-21T00:00:00Z,TRUE,,0.55,156094.236540824,4 wk ahead inc case
GM,Germany,incident,quantile,2020-10-27T00:00:00Z,2020-10-27T11:11:50.970918Z,44,TRUE,153565,0.13,4,2020-11-21T00:00:00Z,TRUE,,0.6,158706.891862262,4 wk ahead inc case
GM,Germany,incident,quantile,2020-10-27T00:00:00Z,2020-10-27T11:11:50.970918Z,44,TRUE,153565,0.13,4,2020-11-21T00:00:00Z,TRUE,,0.65,161453.244143322,4 wk ahead inc case
GM,Germany,incident,quantile,2020-10-27T00:00:00Z,2020-10-27T11:11:50.970918Z,44,TRUE,153565,0.13,4,2020-11-21T00:00:00Z,TRUE,,0.7,164398.933737137,4 wk ahead inc case
GM,Germany,incident,quantile,2020-10-27T00:00:00Z,2020-10-27T11:11:50.970918Z,44,TRUE,153565,0.13,4,2020-11-21T00:00:00Z,TRUE,,0.75,167638.118190169,4 wk ahead inc case
GM,Germany,incident,quantile,2020-10-27T00:00:00Z,2020-10-27T11:11:50.970918Z,44,TRUE,153565,0.13,4,2020-11-21T00:00:00Z,TRUE,,0.8,171320.263453095,4 wk ahead inc case
GM,Germany,incident,quantile,2020-10-27T00:00:00Z,2020-10-27T11:11:50.970918Z,44,TRUE,153565,0.13,4,2020-11-21T00:00:00Z,TRUE,,0.85,175714.456418724,4 wk ahead inc case
GM,Germany,incident,quantile,2020-10-27T00:00:00Z,2020-10-27T11:11:50.970918Z,44,TRUE,153565,0.13,4,2020-11-21T00:00:00Z,TRUE,,0.9,181403.826855659,4 wk ahead inc case
GM,Germany,incident,quantile,2020-10-27T00:00:00Z,2020-10-27T11:11:50.970918Z,44,TRUE,153565,0.13,4,2020-11-21T00:00:00Z,TRUE,,0.95,190176.939944274,4 wk ahead inc case
GM,Germany,incident,quantile,2020-10-27T00:00:00Z,2020-10-27T11:11:50.970918Z,44,TRUE,153565,0.13,4,2020-11-21T00:00:00Z,TRUE,,0.975,198129.181179776,4 wk ahead inc case
GM,Germany,incident,quantile,2020-10-27T00:00:00Z,2020-10-27T11:11:50.970918Z,44,TRUE,153565,0.13,4,2020-11-21T00:00:00Z,TRUE,,0.99,207794.405086368,4 wk ahead inc case
GM,Germany,incident,quantile,2020-10-27T00:00:00Z,2020-10-27T11:13:01.226188Z,44,TRUE,291,0.07,1,2020-10-31T00:00:00Z,TRUE,,0.01,247.269520041867,1 wk ahead inc death
GM,Germany,incident,quantile,2020-10-27T00:00:00Z,2020-10-27T11:13:01.226188Z,44,TRUE,291,0.07,1,2020-10-31T00:00:00Z,TRUE,,0.025,253.693231792495,1 wk ahead inc death
GM,Germany,incident,quantile,2020-10-27T00:00:00Z,2020-10-27T11:13:01.226188Z,44,TRUE,291,0.07,1,2020-10-31T00:00:00Z,TRUE,,0.05,259.351299991886,1 wk ahead inc death
GM,Germany,incident,quantile,2020-10-27T00:00:00Z,2020-10-27T11:13:01.226188Z,44,TRUE,291,0.07,1,2020-10-31T00:00:00Z,TRUE,,0.1,266.031482644175,1 wk ahead inc death
GM,Germany,incident,quantile,2020-10-27T00:00:00Z,2020-10-27T11:13:01.226188Z,44,TRUE,291,0.07,1,2020-10-31T00:00:00Z,TRUE,,0.15,270.63550888405,1 wk ahead inc death
GM,Germany,incident,quantile,2020-10-27T00:00:00Z,2020-10-27T11:13:01.226188Z,44,TRUE,291,0.07,1,2020-10-31T00:00:00Z,TRUE,,0.2,274.351403939348,1 wk ahead inc death
GM,Germany,incident,quantile,2020-10-27T00:00:00Z,2020-10-27T11:13:01.226188Z,44,TRUE,291,0.07,1,2020-10-31T00:00:00Z,TRUE,,0.25,277.579945796979,1 wk ahead inc death
GM,Germany,incident,quantile,2020-10-27T00:00:00Z,2020-10-27T11:13:01.226188Z,44,TRUE,291,0.07,1,2020-10-31T00:00:00Z,TRUE,,0.3,280.511642764152,1 wk ahead inc death
GM,Germany,incident,quantile,2020-10-27T00:00:00Z,2020-10-27T11:13:01.226188Z,44,TRUE,291,0.07,1,2020-10-31T00:00:00Z,TRUE,,0.35,283.255929791724,1 wk ahead inc death
GM,Germany,incident,quantile,2020-10-27T00:00:00Z,2020-10-27T11:13:01.226188Z,44,TRUE,291,0.07,1,2020-10-31T00:00:00Z,TRUE,,0.4,285.884810714824,1 wk ahead inc death
GM,Germany,incident,quantile,2020-10-27T00:00:00Z,2020-10-27T11:13:01.226188Z,44,TRUE,291,0.07,1,2020-10-31T00:00:00Z,TRUE,,0.45,288.45150345976,1 wk ahead inc death
GM,Germany,incident,quantile,2020-10-27T00:00:00Z,2020-10-27T11:13:01.226188Z,44,TRUE,291,0.07,1,2020-10-31T00:00:00Z,TRUE,,0.5,291,1 wk ahead inc death
GM,Germany,incident,quantile,2020-10-27T00:00:00Z,2020-10-27T11:13:01.226188Z,44,TRUE,291,0.07,1,2020-10-31T00:00:00Z,TRUE,,0.55,293.571012750202,1 wk ahead inc death
GM,Germany,incident,quantile,2020-10-27T00:00:00Z,2020-10-27T11:13:01.226188Z,44,TRUE,291,0.07,1,2020-10-31T00:00:00Z,TRUE,,0.6,296.206712725536,1 wk ahead inc death
GM,Germany,incident,quantile,2020-10-27T00:00:00Z,2020-10-27T11:13:01.226188Z,44,TRUE,291,0.07,1,2020-10-31T00:00:00Z,TRUE,,0.65,298.955789071266,1 wk ahead inc death
GM,Germany,incident,quantile,2020-10-27T00:00:00Z,2020-10-27T11:13:01.226188Z,44,TRUE,291,0.07,1,2020-10-31T00:00:00Z,TRUE,,0.7,301.880517919172,1 wk ahead inc death
GM,Germany,incident,quantile,2020-10-27T00:00:00Z,2020-10-27T11:13:01.226188Z,44,TRUE,291,0.07,1,2020-10-31T00:00:00Z,TRUE,,0.75,305.068868562772,1 wk ahead inc death
GM,Germany,incident,quantile,2020-10-27T00:00:00Z,2020-10-27T11:13:01.226188Z,44,TRUE,291,0.07,1,2020-10-31T00:00:00Z,TRUE,,0.8,308.65889069305,1 wk ahead inc death
GM,Germany,incident,quantile,2020-10-27T00:00:00Z,2020-10-27T11:13:01.226188Z,44,TRUE,291,0.07,1,2020-10-31T00:00:00Z,TRUE,,0.85,312.896856547676,1 wk ahead inc death
GM,Germany,incident,quantile,2020-10-27T00:00:00Z,2020-10-27T11:13:01.226188Z,44,TRUE,291,0.07,1,2020-10-31T00:00:00Z,TRUE,,0.9,318.311949993015,1 wk ahead inc death
GM,Germany,incident,quantile,2020-10-27T00:00:00Z,2020-10-27T11:13:01.226188Z,44,TRUE,291,0.07,1,2020-10-31T00:00:00Z,TRUE,,0.95,326.510798298097,1 wk ahead inc death
GM,Germany,incident,quantile,2020-10-27T00:00:00Z,2020-10-27T11:13:01.226188Z,44,TRUE,291,0.07,1,2020-10-31T00:00:00Z,TRUE,,0.975,333.792901772262,1 wk ahead inc death
GM,Germany,incident,quantile,2020-10-27T00:00:00Z,2020-10-27T11:13:01.226188Z,44,TRUE,291,0.07,1,2020-10-31T00:00:00Z,TRUE,,0.99,342.464368376912,1 wk ahead inc death
GM,Germany,incident,quantile,2020-10-27T00:00:00Z,2020-10-27T11:13:01.226188Z,44,TRUE,326,0.09,2,2020-11-07T00:00:00Z,TRUE,,0.01,264.416648397548,2 wk ahead inc death
GM,Germany,incident,quantile,2020-10-27T00:00:00Z,2020-10-27T11:13:01.226188Z,44,TRUE,326,0.09,2,2020-11-07T00:00:00Z,TRUE,,0.025,273.281014460393,2 wk ahead inc death
GM,Germany,incident,quantile,2020-10-27T00:00:00Z,2020-10-27T11:13:01.226188Z,44,TRUE,326,0.09,2,2020-11-07T00:00:00Z,TRUE,,0.05,281.142189818519,2 wk ahead inc death
GM,Germany,incident,quantile,2020-10-27T00:00:00Z,2020-10-27T11:13:01.226188Z,44,TRUE,326,0.09,2,2020-11-07T00:00:00Z,TRUE,,0.1,290.486684998203,2 wk ahead inc death
GM,Germany,incident,quantile,2020-10-27T00:00:00Z,2020-10-27T11:13:01.226188Z,44,TRUE,326,0.09,2,2020-11-07T00:00:00Z,TRUE,,0.15,296.966214462141,2 wk ahead inc death
GM,Germany,incident,quantile,2020-10-27T00:00:00Z,2020-10-27T11:13:01.226188Z,44,TRUE,326,0.09,2,2020-11-07T00:00:00Z,TRUE,,0.2,302.218864065812,2 wk ahead inc death
GM,Germany,incident,quantile,2020-10-27T00:00:00Z,2020-10-27T11:13:01.226188Z,44,TRUE,326,0.09,2,2020-11-07T00:00:00Z,TRUE,,0.25,306.799151501582,2 wk ahead inc death
GM,Germany,incident,quantile,2020-10-27T00:00:00Z,2020-10-27T11:13:01.226188Z,44,TRUE,326,0.09,2,2020-11-07T00:00:00Z,TRUE,,0.3,310.971520870642,2 wk ahead inc death
GM,Germany,incident,quantile,2020-10-27T00:00:00Z,2020-10-27T11:13:01.226188Z,44,TRUE,326,0.09,2,2020-11-07T00:00:00Z,TRUE,,0.35,314.888478423813,2 wk ahead inc death
GM,Germany,incident,quantile,2020-10-27T00:00:00Z,2020-10-27T11:13:01.226188Z,44,TRUE,326,0.09,2,2020-11-07T00:00:00Z,TRUE,,0.4,318.650898697568,2 wk ahead inc death
GM,Germany,incident,quantile,2020-10-27T00:00:00Z,2020-10-27T11:13:01.226188Z,44,TRUE,326,0.09,2,2020-11-07T00:00:00Z,TRUE,,0.45,322.333866268286,2 wk ahead inc death
GM,Germany,incident,quantile,2020-10-27T00:00:00Z,2020-10-27T11:13:01.226188Z,44,TRUE,326,0.09,2,2020-11-07T00:00:00Z,TRUE,,0.5,326,2 wk ahead inc death
GM,Germany,incident,quantile,2020-10-27T00:00:00Z,2020-10-27T11:13:01.226188Z,44,TRUE,326,0.09,2,2020-11-07T00:00:00Z,TRUE,,0.55,329.707831294227,2 wk ahead inc death
GM,Germany,incident,quantile,2020-10-27T00:00:00Z,2020-10-27T11:13:01.226188Z,44,TRUE,326,0.09,2,2020-11-07T00:00:00Z,TRUE,,0.6,333.518594908677,2 wk ahead inc death
GM,Germany,incident,quantile,2020-10-27T00:00:00Z,2020-10-27T11:13:01.226188Z,44,TRUE,326,0.09,2,2020-11-07T00:00:00Z,TRUE,,0.65,337.503615667264,2 wk ahead inc death
GM,Germany,incident,quantile,2020-10-27T00:00:00Z,2020-10-27T11:13:01.226188Z,44,TRUE,326,0.09,2,2020-11-07T00:00:00Z,TRUE,,0.7,341.754768097265,2 wk ahead inc death
GM,Germany,incident,quantile,2020-10-27T00:00:00Z,2020-10-27T11:13:01.226188Z,44,TRUE,326,0.09,2,2020-11-07T00:00:00Z,TRUE,,0.75,346.402522561905,2 wk ahead inc death
GM,Germany,incident,quantile,2020-10-27T00:00:00Z,2020-10-27T11:13:01.226188Z,44,TRUE,326,0.09,2,2020-11-07T00:00:00Z,TRUE,,0.8,351.652436814325,2 wk ahead inc death
GM,Germany,incident,quantile,2020-10-27T00:00:00Z,2020-10-27T11:13:01.226188Z,44,TRUE,326,0.09,2,2020-11-07T00:00:00Z,TRUE,,0.85,357.87235996689,2 wk ahead inc death
GM,Germany,incident,quantile,2020-10-27T00:00:00Z,2020-10-27T11:13:01.226188Z,44,TRUE,326,0.09,2,2020-11-07T00:00:00Z,TRUE,,0.9,365.854978862998,2 wk ahead inc death
GM,Germany,incident,quantile,2020-10-27T00:00:00Z,2020-10-27T11:13:01.226188Z,44,TRUE,326,0.09,2,2020-11-07T00:00:00Z,TRUE,,0.95,378.015124903888,2 wk ahead inc death
GM,Germany,incident,quantile,2020-10-27T00:00:00Z,2020-10-27T11:13:01.226188Z,44,TRUE,326,0.09,2,2020-11-07T00:00:00Z,TRUE,,0.975,388.889071602165,2 wk ahead inc death
GM,Germany,incident,quantile,2020-10-27T00:00:00Z,2020-10-27T11:13:01.226188Z,44,TRUE,326,0.09,2,2020-11-07T00:00:00Z,TRUE,,0.99,401.926280527598,2 wk ahead inc death
GM,Germany,incident,quantile,2020-10-27T00:00:00Z,2020-10-27T11:13:01.226188Z,44,TRUE,371,0.11,3,2020-11-14T00:00:00Z,TRUE,,0.01,287.235890550147,3 wk ahead inc death
GM,Germany,incident,quantile,2020-10-27T00:00:00Z,2020-10-27T11:13:01.226188Z,44,TRUE,371,0.11,3,2020-11-14T00:00:00Z,TRUE,,0.025,299.048576769849,3 wk ahead inc death
GM,Germany,incident,quantile,2020-10-27T00:00:00Z,2020-10-27T11:13:01.226188Z,44,TRUE,371,0.11,3,2020-11-14T00:00:00Z,TRUE,,0.05,309.595982014734,3 wk ahead inc death
GM,Germany,incident,quantile,2020-10-27T00:00:00Z,2020-10-27T11:13:01.226188Z,44,TRUE,371,0.11,3,2020-11-14T00:00:00Z,TRUE,,0.1,322.218984472004,3 wk ahead inc death
GM,Germany,incident,quantile,2020-10-27T00:00:00Z,2020-10-27T11:13:01.226188Z,44,TRUE,371,0.11,3,2020-11-14T00:00:00Z,TRUE,,0.15,331.025161718098,3 wk ahead inc death
GM,Germany,incident,quantile,2020-10-27T00:00:00Z,2020-10-27T11:13:01.226188Z,44,TRUE,371,0.11,3,2020-11-14T00:00:00Z,TRUE,,0.2,338.19536346195,3 wk ahead inc death
GM,Germany,incident,quantile,2020-10-27T00:00:00Z,2020-10-27T11:13:01.226188Z,44,TRUE,371,0.11,3,2020-11-14T00:00:00Z,TRUE,,0.25,344.470408594251,3 wk ahead inc death
GM,Germany,incident,quantile,2020-10-27T00:00:00Z,2020-10-27T11:13:01.226188Z,44,TRUE,371,0.11,3,2020-11-14T00:00:00Z,TRUE,,0.3,350.204757974823,3 wk ahead inc death
GM,Germany,incident,quantile,2020-10-27T00:00:00Z,2020-10-27T11:13:01.226188Z,44,TRUE,371,0.11,3,2020-11-14T00:00:00Z,TRUE,,0.35,355.603665423802,3 wk ahead inc death
GM,Germany,incident,quantile,2020-10-27T00:00:00Z,2020-10-27T11:13:01.226188Z,44,TRUE,371,0.11,3,2020-11-14T00:00:00Z,TRUE,,0.4,360.803641599487,3 wk ahead inc death
GM,Germany,incident,quantile,2020-10-27T00:00:00Z,2020-10-27T11:13:01.226188Z,44,TRUE,371,0.11,3,2020-11-14T00:00:00Z,TRUE,,0.45,365.907040872226,3 wk ahead inc death
GM,Germany,incident,quantile,2020-10-27T00:00:00Z,2020-10-27T11:13:01.226188Z,44,TRUE,371,0.11,3,2020-11-14T00:00:00Z,TRUE,,0.5,371,3 wk ahead inc death
GM,Germany,incident,quantile,2020-10-27T00:00:00Z,2020-10-27T11:13:01.226188Z,44,TRUE,371,0.11,3,2020-11-14T00:00:00Z,TRUE,,0.55,376.163846620443,3 wk ahead inc death
GM,Germany,incident,quantile,2020-10-27T00:00:00Z,2020-10-27T11:13:01.226188Z,44,TRUE,371,0.11,3,2020-11-14T00:00:00Z,TRUE,,0.6,381.484508830954,3 wk ahead inc death
GM,Germany,incident,quantile,2020-10-27T00:00:00Z,2020-10-27T11:13:01.226188Z,44,TRUE,371,0.11,3,2020-11-14T00:00:00Z,TRUE,,0.65,387.062939399014,3 wk ahead inc death
GM,Germany,incident,quantile,2020-10-27T00:00:00Z,2020-10-27T11:13:01.226188Z,44,TRUE,371,0.11,3,2020-11-14T00:00:00Z,TRUE,,0.7,393.030068454682,3 wk ahead inc death
GM,Germany,incident,quantile,2020-10-27T00:00:00Z,2020-10-27T11:13:01.226188Z,44,TRUE,371,0.11,3,2020-11-14T00:00:00Z,TRUE,,0.75,399.572783513391,3 wk ahead inc death
GM,Germany,incident,quantile,2020-10-27T00:00:00Z,2020-10-27T11:13:01.226188Z,44,TRUE,371,0.11,3,2020-11-14T00:00:00Z,TRUE,,0.8,406.986655851909,3 wk ahead inc death
GM,Germany,incident,quantile,2020-10-27T00:00:00Z,2020-10-27T11:13:01.226188Z,44,TRUE,371,0.11,3,2020-11-14T00:00:00Z,TRUE,,0.85,415.802228705549,3 wk ahead inc death
GM,Germany,incident,quantile,2020-10-27T00:00:00Z,2020-10-27T11:13:01.226188Z,44,TRUE,371,0.11,3,2020-11-14T00:00:00Z,TRUE,,0.9,427.166016383368,3 wk ahead inc death
GM,Germany,incident,quantile,2020-10-27T00:00:00Z,2020-10-27T11:13:01.226188Z,44,TRUE,371,0.11,3,2020-11-14T00:00:00Z,TRUE,,0.95,444.582643173481,3 wk ahead inc death
GM,Germany,incident,quantile,2020-10-27T00:00:00Z,2020-10-27T11:13:01.226188Z,44,TRUE,371,0.11,3,2020-11-14T00:00:00Z,TRUE,,0.975,460.263016419336,3 wk ahead inc death
GM,Germany,incident,quantile,2020-10-27T00:00:00Z,2020-10-27T11:13:01.226188Z,44,TRUE,371,0.11,3,2020-11-14T00:00:00Z,TRUE,,0.99,479.191509585987,3 wk ahead inc death
GM,Germany,incident,quantile,2020-10-27T00:00:00Z,2020-10-27T11:13:01.226188Z,44,TRUE,422,0.13,4,2020-11-21T00:00:00Z,TRUE,,0.01,311.868021533423,4 wk ahead inc death
GM,Germany,incident,quantile,2020-10-27T00:00:00Z,2020-10-27T11:13:01.226188Z,44,TRUE,422,0.13,4,2020-11-21T00:00:00Z,TRUE,,0.025,327.081703028887,4 wk ahead inc death
GM,Germany,incident,quantile,2020-10-27T00:00:00Z,2020-10-27T11:13:01.226188Z,44,TRUE,422,0.13,4,2020-11-21T00:00:00Z,TRUE,,0.05,340.758611527712,4 wk ahead inc death
GM,Germany,incident,quantile,2020-10-27T00:00:00Z,2020-10-27T11:13:01.226188Z,44,TRUE,422,0.13,4,2020-11-21T00:00:00Z,TRUE,,0.1,357.238494486472,4 wk ahead inc death
GM,Germany,incident,quantile,2020-10-27T00:00:00Z,2020-10-27T11:13:01.226188Z,44,TRUE,422,0.13,4,2020-11-21T00:00:00Z,TRUE,,0.15,368.80534089678,4 wk ahead inc death
GM,Germany,incident,quantile,2020-10-27T00:00:00Z,2020-10-27T11:13:01.226188Z,44,TRUE,422,0.13,4,2020-11-21T00:00:00Z,TRUE,,0.2,378.264828070046,4 wk ahead inc death
GM,Germany,incident,quantile,2020-10-27T00:00:00Z,2020-10-27T11:13:01.226188Z,44,TRUE,422,0.13,4,2020-11-21T00:00:00Z,TRUE,,0.25,386.573356344204,4 wk ahead inc death
GM,Germany,incident,quantile,2020-10-27T00:00:00Z,2020-10-27T11:13:01.226188Z,44,TRUE,422,0.13,4,2020-11-21T00:00:00Z,TRUE,,0.3,394.190087045322,4 wk ahead inc death
GM,Germany,incident,quantile,2020-10-27T00:00:00Z,2020-10-27T11:13:01.226188Z,44,TRUE,422,0.13,4,2020-11-21T00:00:00Z,TRUE,,0.35,401.382024522674,4 wk ahead inc death
GM,Germany,incident,quantile,2020-10-27T00:00:00Z,2020-10-27T11:13:01.226188Z,44,TRUE,422,0.13,4,2020-11-21T00:00:00Z,TRUE,,0.4,408.327762201042,4 wk ahead inc death
GM,Germany,incident,quantile,2020-10-27T00:00:00Z,2020-10-27T11:13:01.226188Z,44,TRUE,422,0.13,4,2020-11-21T00:00:00Z,TRUE,,0.45,415.162221463901,4 wk ahead inc death
GM,Germany,incident,quantile,2020-10-27T00:00:00Z,2020-10-27T11:13:01.226188Z,44,TRUE,422,0.13,4,2020-11-21T00:00:00Z,TRUE,,0.5,422,4 wk ahead inc death
GM,Germany,incident,quantile,2020-10-27T00:00:00Z,2020-10-27T11:13:01.226188Z,44,TRUE,422,0.13,4,2020-11-21T00:00:00Z,TRUE,,0.55,428.950397683246,4 wk ahead inc death
GM,Germany,incident,quantile,2020-10-27T00:00:00Z,2020-10-27T11:13:01.226188Z,44,TRUE,422,0.13,4,2020-11-21T00:00:00Z,TRUE,,0.6,436.130032011685,4 wk ahead inc death
GM,Germany,incident,quantile,2020-10-27T00:00:00Z,2020-10-27T11:13:01.226188Z,44,TRUE,422,0.13,4,2020-11-21T00:00:00Z,TRUE,,0.65,443.677068527866,4 wk ahead inc death
GM,Germany,incident,quantile,2020-10-27T00:00:00Z,2020-10-27T11:13:01.226188Z,44,TRUE,422,0.13,4,2020-11-21T00:00:00Z,TRUE,,0.7,451.771888366956,4 wk ahead inc death
GM,Germany,incident,quantile,2020-10-27T00:00:00Z,2020-10-27T11:13:01.226188Z,44,TRUE,422,0.13,4,2020-11-21T00:00:00Z,TRUE,,0.75,460.673238539064,4 wk ahead inc death
GM,Germany,incident,quantile,2020-10-27T00:00:00Z,2020-10-27T11:13:01.226188Z,44,TRUE,422,0.13,4,2020-11-21T00:00:00Z,TRUE,,0.8,470.791854766425,4 wk ahead inc death
GM,Germany,incident,quantile,2020-10-27T00:00:00Z,2020-10-27T11:13:01.226188Z,44,TRUE,422,0.13,4,2020-11-21T00:00:00Z,TRUE,,0.85,482.867193753145,4 wk ahead inc death
GM,Germany,incident,quantile,2020-10-27T00:00:00Z,2020-10-27T11:13:01.226188Z,44,TRUE,422,0.13,4,2020-11-21T00:00:00Z,TRUE,,0.9,498.501708938156,4 wk ahead inc death
GM,Germany,incident,quantile,2020-10-27T00:00:00Z,2020-10-27T11:13:01.226188Z,44,TRUE,422,0.13,4,2020-11-21T00:00:00Z,TRUE,,0.95,522.610416803854,4 wk ahead inc death
GM,Germany,incident,quantile,2020-10-27T00:00:00Z,2020-10-27T11:13:01.226188Z,44,TRUE,422,0.13,4,2020-11-21T00:00:00Z,TRUE,,0.975,544.46335074962,4 wk ahead inc death
GM,Germany,incident,quantile,2020-10-27T00:00:00Z,2020-10-27T11:13:01.226188Z,44,TRUE,422,0.13,4,2020-11-21T00:00:00Z,TRUE,,0.99,571.023598778674,4 wk ahead inc death
PL,Poland,incident,quantile,2020-10-27T00:00:00Z,2020-10-27T11:14:13.794550Z,44,TRUE,104296,0.12,1,2020-10-31T00:00:00Z,TRUE,,0.01,78891.3244455149,1 wk ahead inc case
PL,Poland,incident,quantile,2020-10-27T00:00:00Z,2020-10-27T11:14:13.794550Z,44,TRUE,104296,0.12,1,2020-10-31T00:00:00Z,TRUE,,0.025,82437.2445874334,1 wk ahead inc case
PL,Poland,incident,quantile,2020-10-27T00:00:00Z,2020-10-27T11:14:13.794550Z,44,TRUE,104296,0.12,1,2020-10-31T00:00:00Z,TRUE,,0.05,85614.1501627906,1 wk ahead inc case
PL,Poland,incident,quantile,2020-10-27T00:00:00Z,2020-10-27T11:14:13.794550Z,44,TRUE,104296,0.12,1,2020-10-31T00:00:00Z,TRUE,,0.1,89429.1616993643,1 wk ahead inc case
PL,Poland,incident,quantile,2020-10-27T00:00:00Z,2020-10-27T11:14:13.794550Z,44,TRUE,104296,0.12,1,2020-10-31T00:00:00Z,TRUE,,0.15,92098.7161681006,1 wk ahead inc case
PL,Poland,incident,quantile,2020-10-27T00:00:00Z,2020-10-27T11:14:13.794550Z,44,TRUE,104296,0.12,1,2020-10-31T00:00:00Z,TRUE,,0.2,94277.1135925759,1 wk ahead inc case
PL,Poland,incident,quantile,2020-10-27T00:00:00Z,2020-10-27T11:14:13.794550Z,44,TRUE,104296,0.12,1,2020-10-31T00:00:00Z,TRUE,,0.25,96187.0025905082,1 wk ahead inc case
PL,Poland,incident,quantile,2020-10-27T00:00:00Z,2020-10-27T11:14:13.794550Z,44,TRUE,104296,0.12,1,2020-10-31T00:00:00Z,TRUE,,0.3,97935.0935797585,1 wk ahead inc case
PL,Poland,incident,quantile,2020-10-27T00:00:00Z,2020-10-27T11:14:13.794550Z,44,TRUE,104296,0.12,1,2020-10-31T00:00:00Z,TRUE,,0.35,99583.3074231436,1 wk ahead inc case
PL,Poland,incident,quantile,2020-10-27T00:00:00Z,2020-10-27T11:14:13.794550Z,44,TRUE,104296,0.12,1,2020-10-31T00:00:00Z,TRUE,,0.4,101172.942852125,1 wk ahead inc case
PL,Poland,incident,quantile,2020-10-27T00:00:00Z,2020-10-27T11:14:13.794550Z,44,TRUE,104296,0.12,1,2020-10-31T00:00:00Z,TRUE,,0.45,102735.081306555,1 wk ahead inc case
PL,Poland,incident,quantile,2020-10-27T00:00:00Z,2020-10-27T11:14:13.794550Z,44,TRUE,104296,0.12,1,2020-10-31T00:00:00Z,TRUE,,0.5,104296,1 wk ahead inc case
PL,Poland,incident,quantile,2020-10-27T00:00:00Z,2020-10-27T11:14:13.794550Z,44,TRUE,104296,0.12,1,2020-10-31T00:00:00Z,TRUE,,0.55,105880.634712711,1 wk ahead inc case
PL,Poland,incident,quantile,2020-10-27T00:00:00Z,2020-10-27T11:14:13.794550Z,44,TRUE,104296,0.12,1,2020-10-31T00:00:00Z,TRUE,,0.6,107515.461242428,1 wk ahead inc case
PL,Poland,incident,quantile,2020-10-27T00:00:00Z,2020-10-27T11:14:13.794550Z,44,TRUE,104296,0.12,1,2020-10-31T00:00:00Z,TRUE,,0.65,109231.716614707,1 wk ahead inc case
PL,Poland,incident,quantile,2020-10-27T00:00:00Z,2020-10-27T11:14:13.794550Z,44,TRUE,104296,0.12,1,2020-10-31T00:00:00Z,TRUE,,0.7,111070.048727132,1 wk ahead inc case
PL,Poland,incident,quantile,2020-10-27T00:00:00Z,2020-10-27T11:14:13.794550Z,44,TRUE,104296,0.12,1,2020-10-31T00:00:00Z,TRUE,,0.75,113088.622402643,1 wk ahead inc case
PL,Poland,incident,quantile,2020-10-27T00:00:00Z,2020-10-27T11:14:13.794550Z,44,TRUE,104296,0.12,1,2020-10-31T00:00:00Z,TRUE,,0.8,115379.599581384,1 wk ahead inc case
PL,Poland,incident,quantile,2020-10-27T00:00:00Z,2020-10-27T11:14:13.794550Z,44,TRUE,104296,0.12,1,2020-10-31T00:00:00Z,TRUE,,0.85,118108.656326391,1 wk ahead inc case
PL,Poland,incident,quantile,2020-10-27T00:00:00Z,2020-10-27T11:14:13.794550Z,44,TRUE,104296,0.12,1,2020-10-31T00:00:00Z,TRUE,,0.9,121634.323852522,1 wk ahead inc case
PL,Poland,incident,quantile,2020-10-27T00:00:00Z,2020-10-27T11:14:13.794550Z,44,TRUE,104296,0.12,1,2020-10-31T00:00:00Z,TRUE,,0.95,127054.413263657,1 wk ahead inc case
PL,Poland,incident,quantile,2020-10-27T00:00:00Z,2020-10-27T11:14:13.794550Z,44,TRUE,104296,0.12,1,2020-10-31T00:00:00Z,TRUE,,0.975,131950.742294196,1 wk ahead inc case
PL,Poland,incident,quantile,2020-10-27T00:00:00Z,2020-10-27T11:14:13.794550Z,44,TRUE,104296,0.12,1,2020-10-31T00:00:00Z,TRUE,,0.99,137881.518563077,1 wk ahead inc case
PL,Poland,incident,quantile,2020-10-27T00:00:00Z,2020-10-27T11:14:13.794550Z,44,TRUE,140362,0.14,2,2020-11-07T00:00:00Z,TRUE,,0.01,101345.563442437,2 wk ahead inc case
PL,Poland,incident,quantile,2020-10-27T00:00:00Z,2020-10-27T11:14:13.794550Z,44,TRUE,140362,0.14,2,2020-11-07T00:00:00Z,TRUE,,0.025,106679.588486736,2 wk ahead inc case
PL,Poland,incident,quantile,2020-10-27T00:00:00Z,2020-10-27T11:14:13.794550Z,44,TRUE,140362,0.14,2,2020-11-07T00:00:00Z,TRUE,,0.05,111491.158513618,2 wk ahead inc case
PL,Poland,incident,quantile,2020-10-27T00:00:00Z,2020-10-27T11:14:13.794550Z,44,TRUE,140362,0.14,2,2020-11-07T00:00:00Z,TRUE,,0.1,117308.542666152,2 wk ahead inc case
PL,Poland,incident,quantile,2020-10-27T00:00:00Z,2020-10-27T11:14:13.794550Z,44,TRUE,140362,0.14,2,2020-11-07T00:00:00Z,TRUE,,0.15,121404.036196174,2 wk ahead inc case
PL,Poland,incident,quantile,2020-10-27T00:00:00Z,2020-10-27T11:14:13.794550Z,44,TRUE,140362,0.14,2,2020-11-07T00:00:00Z,TRUE,,0.2,124760.740483675,2 wk ahead inc case
PL,Poland,incident,quantile,2020-10-27T00:00:00Z,2020-10-27T11:14:13.794550Z,44,TRUE,140362,0.14,2,2020-11-07T00:00:00Z,TRUE,,0.25,127714.363433772,2 wk ahead inc case
PL,Poland,incident,quantile,2020-10-27T00:00:00Z,2020-10-27T11:14:13.794550Z,44,TRUE,140362,0.14,2,2020-11-07T00:00:00Z,TRUE,,0.3,130426.353688064,2 wk ahead inc case
PL,Poland,incident,quantile,2020-10-27T00:00:00Z,2020-10-27T11:14:13.794550Z,44,TRUE,140362,0.14,2,2020-11-07T00:00:00Z,TRUE,,0.35,132990.79753879,2 wk ahead inc case
PL,Poland,incident,quantile,2020-10-27T00:00:00Z,2020-10-27T11:14:13.794550Z,44,TRUE,140362,0.14,2,2020-11-07T00:00:00Z,TRUE,,0.4,135470.811692023,2 wk ahead inc case
PL,Poland,incident,quantile,2020-10-27T00:00:00Z,2020-10-27T11:14:13.794550Z,44,TRUE,140362,0.14,2,2020-11-07T00:00:00Z,TRUE,,0.45,137914.263228262,2 wk ahead inc case
PL,Poland,incident,quantile,2020-10-27T00:00:00Z,2020-10-27T11:14:13.794550Z,44,TRUE,140362,0.14,2,2020-11-07T00:00:00Z,TRUE,,0.5,140362,2 wk ahead inc case
PL,Poland,incident,quantile,2020-10-27T00:00:00Z,2020-10-27T11:14:13.794550Z,44,TRUE,140362,0.14,2,2020-11-07T00:00:00Z,TRUE,,0.55,142853.179814999,2 wk ahead inc case
PL,Poland,incident,quantile,2020-10-27T00:00:00Z,2020-10-27T11:14:13.794550Z,44,TRUE,140362,0.14,2,2020-11-07T00:00:00Z,TRUE,,0.6,145429.785190843,2 wk ahead inc case
PL,Poland,incident,quantile,2020-10-27T00:00:00Z,2020-10-27T11:14:13.794550Z,44,TRUE,140362,0.14,2,2020-11-07T00:00:00Z,TRUE,,0.65,148141.761750497,2 wk ahead inc case
PL,Poland,incident,quantile,2020-10-27T00:00:00Z,2020-10-27T11:14:13.794550Z,44,TRUE,140362,0.14,2,2020-11-07T00:00:00Z,TRUE,,0.7,151054.526074687,2 wk ahead inc case
PL,Poland,incident,quantile,2020-10-27T00:00:00Z,2020-10-27T11:14:13.794550Z,44,TRUE,140362,0.14,2,2020-11-07T00:00:00Z,TRUE,,0.75,154262.140250313,2 wk ahead inc case
PL,Poland,incident,quantile,2020-10-27T00:00:00Z,2020-10-27T11:14:13.794550Z,44,TRUE,140362,0.14,2,2020-11-07T00:00:00Z,TRUE,,0.8,157914.188130183,2 wk ahead inc case
PL,Poland,incident,quantile,2020-10-27T00:00:00Z,2020-10-27T11:14:13.794550Z,44,TRUE,140362,0.14,2,2020-11-07T00:00:00Z,TRUE,,0.85,162280.362838719,2 wk ahead inc case
PL,Poland,incident,quantile,2020-10-27T00:00:00Z,2020-10-27T11:14:13.794550Z,44,TRUE,140362,0.14,2,2020-11-07T00:00:00Z,TRUE,,0.9,167945.919335716,2 wk ahead inc case
PL,Poland,incident,quantile,2020-10-27T00:00:00Z,2020-10-27T11:14:13.794550Z,44,TRUE,140362,0.14,2,2020-11-07T00:00:00Z,TRUE,,0.95,176708.999230585,2 wk ahead inc case
PL,Poland,incident,quantile,2020-10-27T00:00:00Z,2020-10-27T11:14:13.794550Z,44,TRUE,140362,0.14,2,2020-11-07T00:00:00Z,TRUE,,0.975,184679.106129564,2 wk ahead inc case
PL,Poland,incident,quantile,2020-10-27T00:00:00Z,2020-10-27T11:14:13.794550Z,44,TRUE,140362,0.14,2,2020-11-07T00:00:00Z,TRUE,,0.99,194399.146591061,2 wk ahead inc case
PL,Poland,incident,quantile,2020-10-27T00:00:00Z,2020-10-27T11:14:13.794550Z,44,TRUE,185455,0.17,3,2020-11-14T00:00:00Z,TRUE,,0.01,124877.48372122,3 wk ahead inc case
PL,Poland,incident,quantile,2020-10-27T00:00:00Z,2020-10-27T11:14:13.794550Z,44,TRUE,185455,0.17,3,2020-11-14T00:00:00Z,TRUE,,0.025,132902.847004496,3 wk ahead inc case
PL,Poland,incident,quantile,2020-10-27T00:00:00Z,2020-10-27T11:14:13.794550Z,44,TRUE,185455,0.17,3,2020-11-14T00:00:00Z,TRUE,,0.05,140216.428734163,3 wk ahead inc case
PL,Poland,incident,quantile,2020-10-27T00:00:00Z,2020-10-27T11:14:13.794550Z,44,TRUE,185455,0.17,3,2020-11-14T00:00:00Z,TRUE,,0.1,149149.401598565,3 wk ahead inc case
PL,Poland,incident,quantile,2020-10-27T00:00:00Z,2020-10-27T11:14:13.794550Z,44,TRUE,185455,0.17,3,2020-11-14T00:00:00Z,TRUE,,0.15,155495.7793494,3 wk ahead inc case
PL,Poland,incident,quantile,2020-10-27T00:00:00Z,2020-10-27T11:14:13.794550Z,44,TRUE,185455,0.17,3,2020-11-14T00:00:00Z,TRUE,,0.2,160731.722509056,3 wk ahead inc case
PL,Poland,incident,quantile,2020-10-27T00:00:00Z,2020-10-27T11:14:13.794550Z,44,TRUE,185455,0.17,3,2020-11-14T00:00:00Z,TRUE,,0.25,165363.983919372,3 wk ahead inc case
PL,Poland,incident,quantile,2020-10-27T00:00:00Z,2020-10-27T11:14:13.794550Z,44,TRUE,185455,0.17,3,2020-11-14T00:00:00Z,TRUE,,0.3,169637.562842126,3 wk ahead inc case
PL,Poland,incident,quantile,2020-10-27T00:00:00Z,2020-10-27T11:14:13.794550Z,44,TRUE,185455,0.17,3,2020-11-14T00:00:00Z,TRUE,,0.35,173696.198179545,3 wk ahead inc case
PL,Poland,incident,quantile,2020-10-27T00:00:00Z,2020-10-27T11:14:13.794550Z,44,TRUE,185455,0.17,3,2020-11-14T00:00:00Z,TRUE,,0.4,177637.198117087,3 wk ahead inc case
PL,Poland,incident,quantile,2020-10-27T00:00:00Z,2020-10-27T11:14:13.794550Z,44,TRUE,185455,0.17,3,2020-11-14T00:00:00Z,TRUE,,0.45,181535.247518095,3 wk ahead inc case
PL,Poland,incident,quantile,2020-10-27T00:00:00Z,2020-10-27T11:14:13.794550Z,44,TRUE,185455,0.17,3,2020-11-14T00:00:00Z,TRUE,,0.5,185455,3 wk ahead inc case
PL,Poland,incident,quantile,2020-10-27T00:00:00Z,2020-10-27T11:14:13.794550Z,44,TRUE,185455,0.17,3,2020-11-14T00:00:00Z,TRUE,,0.55,189459.388714975,3 wk ahead inc case
PL,Poland,incident,quantile,2020-10-27T00:00:00Z,2020-10-27T11:14:13.794550Z,44,TRUE,185455,0.17,3,2020-11-14T00:00:00Z,TRUE,,0.6,193616.862850595,3 wk ahead inc case
PL,Poland,incident,quantile,2020-10-27T00:00:00Z,2020-10-27T11:14:13.794550Z,44,TRUE,185455,0.17,3,2020-11-14T00:00:00Z,TRUE,,0.65,198009.843539859,3 wk ahead inc case
PL,Poland,incident,quantile,2020-10-27T00:00:00Z,2020-10-27T11:14:13.794550Z,44,TRUE,185455,0.17,3,2020-11-14T00:00:00Z,TRUE,,0.7,202747.295167218,3 wk ahead inc case
PL,Poland,incident,quantile,2020-10-27T00:00:00Z,2020-10-27T11:14:13.794550Z,44,TRUE,185455,0.17,3,2020-11-14T00:00:00Z,TRUE,,0.75,207986.988519638,3 wk ahead inc case
PL,Poland,incident,quantile,2020-10-27T00:00:00Z,2020-10-27T11:14:13.794550Z,44,TRUE,185455,0.17,3,2020-11-14T00:00:00Z,TRUE,,0.8,213981.138807632,3 wk ahead inc case
PL,Poland,incident,quantile,2020-10-27T00:00:00Z,2020-10-27T11:14:13.794550Z,44,TRUE,185455,0.17,3,2020-11-14T00:00:00Z,TRUE,,0.85,221186.434570147,3 wk ahead inc case
PL,Poland,incident,quantile,2020-10-27T00:00:00Z,2020-10-27T11:14:13.794550Z,44,TRUE,185455,0.17,3,2020-11-14T00:00:00Z,TRUE,,0.9,230598.022227204,3 wk ahead inc case
PL,Poland,incident,quantile,2020-10-27T00:00:00Z,2020-10-27T11:14:13.794550Z,44,TRUE,185455,0.17,3,2020-11-14T00:00:00Z,TRUE,,0.95,245289.067304709,3 wk ahead inc case
PL,Poland,incident,quantile,2020-10-27T00:00:00Z,2020-10-27T11:14:13.794550Z,44,TRUE,185455,0.17,3,2020-11-14T00:00:00Z,TRUE,,0.975,258787.210358531,3 wk ahead inc case
PL,Poland,incident,quantile,2020-10-27T00:00:00Z,2020-10-27T11:14:13.794550Z,44,TRUE,185455,0.17,3,2020-11-14T00:00:00Z,TRUE,,0.99,275418.402101865,3 wk ahead inc case
PL,Poland,incident,quantile,2020-10-27T00:00:00Z,2020-10-27T11:14:13.794550Z,44,TRUE,267163,0.17,4,2020-11-21T00:00:00Z,TRUE,,0.01,179896.16447878,4 wk ahead inc case
PL,Poland,incident,quantile,2020-10-27T00:00:00Z,2020-10-27T11:14:13.794550Z,44,TRUE,267163,0.17,4,2020-11-21T00:00:00Z,TRUE,,0.025,191457.352534372,4 wk ahead inc case
PL,Poland,incident,quantile,2020-10-27T00:00:00Z,2020-10-27T11:14:13.794550Z,44,TRUE,267163,0.17,4,2020-11-21T00:00:00Z,TRUE,,0.05,201993.161413308,4 wk ahead inc case
PL,Poland,incident,quantile,2020-10-27T00:00:00Z,2020-10-27T11:14:13.794550Z,44,TRUE,267163,0.17,4,2020-11-21T00:00:00Z,TRUE,,0.1,214861.834834743,4 wk ahead inc case
PL,Poland,incident,quantile,2020-10-27T00:00:00Z,2020-10-27T11:14:13.794550Z,44,TRUE,267163,0.17,4,2020-11-21T00:00:00Z,TRUE,,0.15,224004.30777452,4 wk ahead inc case
PL,Poland,incident,quantile,2020-10-27T00:00:00Z,2020-10-27T11:14:13.794550Z,44,TRUE,267163,0.17,4,2020-11-21T00:00:00Z,TRUE,,0.2,231547.109437259,4 wk ahead inc case
PL,Poland,incident,quantile,2020-10-27T00:00:00Z,2020-10-27T11:14:13.794550Z,44,TRUE,267163,0.17,4,2020-11-21T00:00:00Z,TRUE,,0.25,238220.258476995,4 wk ahead inc case
PL,Poland,incident,quantile,2020-10-27T00:00:00Z,2020-10-27T11:14:13.794550Z,44,TRUE,267163,0.17,4,2020-11-21T00:00:00Z,TRUE,,0.3,244376.696242166,4 wk ahead inc case
PL,Poland,incident,quantile,2020-10-27T00:00:00Z,2020-10-27T11:14:13.794550Z,44,TRUE,267163,0.17,4,2020-11-21T00:00:00Z,TRUE,,0.35,250223.490303533,4 wk ahead inc case
PL,Poland,incident,quantile,2020-10-27T00:00:00Z,2020-10-27T11:14:13.794550Z,44,TRUE,267163,0.17,4,2020-11-21T00:00:00Z,TRUE,,0.4,255900.821010786,4 wk ahead inc case
PL,Poland,incident,quantile,2020-10-27T00:00:00Z,2020-10-27T11:14:13.794550Z,44,TRUE,267163,0.17,4,2020-11-21T00:00:00Z,TRUE,,0.45,261516.277979438,4 wk ahead inc case
PL,Poland,incident,quantile,2020-10-27T00:00:00Z,2020-10-27T11:14:13.794550Z,44,TRUE,267163,0.17,4,2020-11-21T00:00:00Z,TRUE,,0.5,267163,4 wk ahead inc case
PL,Poland,incident,quantile,2020-10-27T00:00:00Z,2020-10-27T11:14:13.794550Z,44,TRUE,267163,0.17,4,2020-11-21T00:00:00Z,TRUE,,0.55,272931.647392947,4 wk ahead inc case
PL,Poland,incident,quantile,2020-10-27T00:00:00Z,2020-10-27T11:14:13.794550Z,44,TRUE,267163,0.17,4,2020-11-21T00:00:00Z,TRUE,,0.6,278920.826776056,4 wk ahead inc case
PL,Poland,incident,quantile,2020-10-27T00:00:00Z,2020-10-27T11:14:13.794550Z,44,TRUE,267163,0.17,4,2020-11-21T00:00:00Z,TRUE,,0.65,285249.272490035,4 wk ahead inc case
PL,Poland,incident,quantile,2020-10-27T00:00:00Z,2020-10-27T11:14:13.794550Z,44,TRUE,267163,0.17,4,2020-11-21T00:00:00Z,TRUE,,0.7,292073.956586555,4 wk ahead inc case
PL,Poland,incident,quantile,2020-10-27T00:00:00Z,2020-10-27T11:14:13.794550Z,44,TRUE,267163,0.17,4,2020-11-21T00:00:00Z,TRUE,,0.75,299622.16070676,4 wk ahead inc case
PL,Poland,incident,quantile,2020-10-27T00:00:00Z,2020-10-27T11:14:13.794550Z,44,TRUE,267163,0.17,4,2020-11-21T00:00:00Z,TRUE,,0.8,308257.221359701,4 wk ahead inc case
PL,Poland,incident,quantile,2020-10-27T00:00:00Z,2020-10-27T11:14:13.794550Z,44,TRUE,267163,0.17,4,2020-11-21T00:00:00Z,TRUE,,0.85,318637.03550222,4 wk ahead inc case
PL,Poland,incident,quantile,2020-10-27T00:00:00Z,2020-10-27T11:14:13.794550Z,44,TRUE,267163,0.17,4,2020-11-21T00:00:00Z,TRUE,,0.9,332195.192430975,4 wk ahead inc case
PL,Poland,incident,quantile,2020-10-27T00:00:00Z,2020-10-27T11:14:13.794550Z,44,TRUE,267163,0.17,4,2020-11-21T00:00:00Z,TRUE,,0.95,353358.836851678,4 wk ahead inc case
PL,Poland,incident,quantile,2020-10-27T00:00:00Z,2020-10-27T11:14:13.794550Z,44,TRUE,267163,0.17,4,2020-11-21T00:00:00Z,TRUE,,0.975,372804.008956437,4 wk ahead inc case
PL,Poland,incident,quantile,2020-10-27T00:00:00Z,2020-10-27T11:14:13.794550Z,44,TRUE,267163,0.17,4,2020-11-21T00:00:00Z,TRUE,,0.99,396762.592330973,4 wk ahead inc case
PL,Poland,incident,quantile,2020-10-27T00:00:00Z,2020-10-27T11:15:01.349802Z,44,TRUE,986,0.11,1,2020-10-31T00:00:00Z,TRUE,,0.01,763.381639036239,1 wk ahead inc death
PL,Poland,incident,quantile,2020-10-27T00:00:00Z,2020-10-27T11:15:01.349802Z,44,TRUE,986,0.11,1,2020-10-31T00:00:00Z,TRUE,,0.025,794.776001873507,1 wk ahead inc death
PL,Poland,incident,quantile,2020-10-27T00:00:00Z,2020-10-27T11:15:01.349802Z,44,TRUE,986,0.11,1,2020-10-31T00:00:00Z,TRUE,,0.05,822.807650314092,1 wk ahead inc death
PL,Poland,incident,quantile,2020-10-27T00:00:00Z,2020-10-27T11:15:01.349802Z,44,TRUE,986,0.11,1,2020-10-31T00:00:00Z,TRUE,,0.1,856.355575982199,1 wk ahead inc death
PL,Poland,incident,quantile,2020-10-27T00:00:00Z,2020-10-27T11:15:01.349802Z,44,TRUE,986,0.11,1,2020-10-31T00:00:00Z,TRUE,,0.15,879.759594215755,1 wk ahead inc death
PL,Poland,incident,quantile,2020-10-27T00:00:00Z,2020-10-27T11:15:01.349802Z,44,TRUE,986,0.11,1,2020-10-31T00:00:00Z,TRUE,,0.2,898.815709901572,1 wk ahead inc death
PL,Poland,incident,quantile,2020-10-27T00:00:00Z,2020-10-27T11:15:01.349802Z,44,TRUE,986,0.11,1,2020-10-31T00:00:00Z,TRUE,,0.25,915.49278402677,1 wk ahead inc death
PL,Poland,incident,quantile,2020-10-27T00:00:00Z,2020-10-27T11:15:01.349802Z,44,TRUE,986,0.11,1,2020-10-31T00:00:00Z,TRUE,,0.3,930.732860817184,1 wk ahead inc death
PL,Poland,incident,quantile,2020-10-27T00:00:00Z,2020-10-27T11:15:01.349802Z,44,TRUE,986,0.11,1,2020-10-31T00:00:00Z,TRUE,,0.35,945.08143964385,1 wk ahead inc death
PL,Poland,incident,quantile,2020-10-27T00:00:00Z,2020-10-27T11:15:01.349802Z,44,TRUE,986,0.11,1,2020-10-31T00:00:00Z,TRUE,,0.4,958.901322418043,1 wk ahead inc death
PL,Poland,incident,quantile,2020-10-27T00:00:00Z,2020-10-27T11:15:01.349802Z,44,TRUE,986,0.11,1,2020-10-31T00:00:00Z,TRUE,,0.45,972.464534501387,1 wk ahead inc death
PL,Poland,incident,quantile,2020-10-27T00:00:00Z,2020-10-27T11:15:01.349802Z,44,TRUE,986,0.11,1,2020-10-31T00:00:00Z,TRUE,,0.5,986,1 wk ahead inc death
PL,Poland,incident,quantile,2020-10-27T00:00:00Z,2020-10-27T11:15:01.349802Z,44,TRUE,986,0.11,1,2020-10-31T00:00:00Z,TRUE,,0.55,999.723861907699,1 wk ahead inc death
PL,Poland,incident,quantile,2020-10-27T00:00:00Z,2020-10-27T11:15:01.349802Z,44,TRUE,986,0.11,1,2020-10-31T00:00:00Z,TRUE,,0.6,1013.86448977715,1 wk ahead inc death
PL,Poland,incident,quantile,2020-10-27T00:00:00Z,2020-10-27T11:15:01.349802Z,44,TRUE,986,0.11,1,2020-10-31T00:00:00Z,TRUE,,0.65,1028.69018395533,1 wk ahead inc death
PL,Poland,incident,quantile,2020-10-27T00:00:00Z,2020-10-27T11:15:01.349802Z,44,TRUE,986,0.11,1,2020-10-31T00:00:00Z,TRUE,,0.7,1044.54891508441,1 wk ahead inc death
PL,Poland,incident,quantile,2020-10-27T00:00:00Z,2020-10-27T11:15:01.349802Z,44,TRUE,986,0.11,1,2020-10-31T00:00:00Z,TRUE,,0.75,1061.93737073909,1 wk ahead inc death
PL,Poland,incident,quantile,2020-10-27T00:00:00Z,2020-10-27T11:15:01.349802Z,44,TRUE,986,0.11,1,2020-10-31T00:00:00Z,TRUE,,0.8,1081.64108536383,1 wk ahead inc death
PL,Poland,incident,quantile,2020-10-27T00:00:00Z,2020-10-27T11:15:01.349802Z,44,TRUE,986,0.11,1,2020-10-31T00:00:00Z,TRUE,,0.85,1105.07007413388,1 wk ahead inc death
PL,Poland,incident,quantile,2020-10-27T00:00:00Z,2020-10-27T11:15:01.349802Z,44,TRUE,986,0.11,1,2020-10-31T00:00:00Z,TRUE,,0.9,1135.27140742318,1 wk ahead inc death
PL,Poland,incident,quantile,2020-10-27T00:00:00Z,2020-10-27T11:15:01.349802Z,44,TRUE,986,0.11,1,2020-10-31T00:00:00Z,TRUE,,0.95,1181.55926191119,1 wk ahead inc death
PL,Poland,incident,quantile,2020-10-27T00:00:00Z,2020-10-27T11:15:01.349802Z,44,TRUE,986,0.11,1,2020-10-31T00:00:00Z,TRUE,,0.975,1223.23270671015,1 wk ahead inc death
PL,Poland,incident,quantile,2020-10-27T00:00:00Z,2020-10-27T11:15:01.349802Z,44,TRUE,986,0.11,1,2020-10-31T00:00:00Z,TRUE,,0.99,1273.53862116383,1 wk ahead inc death
PL,Poland,incident,quantile,2020-10-27T00:00:00Z,2020-10-27T11:15:01.349802Z,44,TRUE,1241,0.13,2,2020-11-07T00:00:00Z,TRUE,,0.01,917.128470907529,2 wk ahead inc death
PL,Poland,incident,quantile,2020-10-27T00:00:00Z,2020-10-27T11:15:01.349802Z,44,TRUE,1241,0.13,2,2020-11-07T00:00:00Z,TRUE,,0.025,961.868230945139,2 wk ahead inc death
PL,Poland,incident,quantile,2020-10-27T00:00:00Z,2020-10-27T11:15:01.349802Z,44,TRUE,1241,0.13,2,2020-11-07T00:00:00Z,TRUE,,0.05,1002.08871304713,2 wk ahead inc death
PL,Poland,incident,quantile,2020-10-27T00:00:00Z,2020-10-27T11:15:01.349802Z,44,TRUE,1241,0.13,2,2020-11-07T00:00:00Z,TRUE,,0.1,1050.5520655396,2 wk ahead inc death
PL,Poland,incident,quantile,2020-10-27T00:00:00Z,2020-10-27T11:15:01.349802Z,44,TRUE,1241,0.13,2,2020-11-07T00:00:00Z,TRUE,,0.15,1084.56736505427,2 wk ahead inc death
PL,Poland,incident,quantile,2020-10-27T00:00:00Z,2020-10-27T11:15:01.349802Z,44,TRUE,1241,0.13,2,2020-11-07T00:00:00Z,TRUE,,0.2,1112.38543041452,2 wk ahead inc death
PL,Poland,incident,quantile,2020-10-27T00:00:00Z,2020-10-27T11:15:01.349802Z,44,TRUE,1241,0.13,2,2020-11-07T00:00:00Z,TRUE,,0.25,1136.81880384634,2 wk ahead inc death
PL,Poland,incident,quantile,2020-10-27T00:00:00Z,2020-10-27T11:15:01.349802Z,44,TRUE,1241,0.13,2,2020-11-07T00:00:00Z,TRUE,,0.3,1159.21776782759,2 wk ahead inc death
PL,Poland,incident,quantile,2020-10-27T00:00:00Z,2020-10-27T11:15:01.349802Z,44,TRUE,1241,0.13,2,2020-11-07T00:00:00Z,TRUE,,0.35,1180.36751761289,2 wk ahead inc death
PL,Poland,incident,quantile,2020-10-27T00:00:00Z,2020-10-27T11:15:01.349802Z,44,TRUE,1241,0.13,2,2020-11-07T00:00:00Z,TRUE,,0.4,1200.79325329738,2 wk ahead inc death
PL,Poland,incident,quantile,2020-10-27T00:00:00Z,2020-10-27T11:15:01.349802Z,44,TRUE,1241,0.13,2,2020-11-07T00:00:00Z,TRUE,,0.45,1220.89174605853,2 wk ahead inc death
PL,Poland,incident,quantile,2020-10-27T00:00:00Z,2020-10-27T11:15:01.349802Z,44,TRUE,1241,0.13,2,2020-11-07T00:00:00Z,TRUE,,0.5,1241,2 wk ahead inc death
PL,Poland,incident,quantile,2020-10-27T00:00:00Z,2020-10-27T11:15:01.349802Z,44,TRUE,1241,0.13,2,2020-11-07T00:00:00Z,TRUE,,0.55,1261.43943963248,2 wk ahead inc death
PL,Poland,incident,quantile,2020-10-27T00:00:00Z,2020-10-27T11:15:01.349802Z,44,TRUE,1241,0.13,2,2020-11-07T00:00:00Z,TRUE,,0.6,1282.55300883057,2 wk ahead inc death
PL,Poland,incident,quantile,2020-10-27T00:00:00Z,2020-10-27T11:15:01.349802Z,44,TRUE,1241,0.13,2,2020-11-07T00:00:00Z,TRUE,,0.65,1304.74701905944,2 wk ahead inc death
PL,Poland,incident,quantile,2020-10-27T00:00:00Z,2020-10-27T11:15:01.349802Z,44,TRUE,1241,0.13,2,2020-11-07T00:00:00Z,TRUE,,0.7,1328.55192763837,2 wk ahead inc death
PL,Poland,incident,quantile,2020-10-27T00:00:00Z,2020-10-27T11:15:01.349802Z,44,TRUE,1241,0.13,2,2020-11-07T00:00:00Z,TRUE,,0.75,1354.72864698336,2 wk ahead inc death
PL,Poland,incident,quantile,2020-10-27T00:00:00Z,2020-10-27T11:15:01.349802Z,44,TRUE,1241,0.13,2,2020-11-07T00:00:00Z,TRUE,,0.8,1384.48505157615,2 wk ahead inc death
PL,Poland,incident,quantile,2020-10-27T00:00:00Z,2020-10-27T11:15:01.349802Z,44,TRUE,1241,0.13,2,2020-11-07T00:00:00Z,TRUE,,0.85,1419.99570485226,2 wk ahead inc death
PL,Poland,incident,quantile,2020-10-27T00:00:00Z,2020-10-27T11:15:01.349802Z,44,TRUE,1241,0.13,2,2020-11-07T00:00:00Z,TRUE,,0.9,1465.97303505273,2 wk ahead inc death
PL,Poland,incident,quantile,2020-10-27T00:00:00Z,2020-10-27T11:15:01.349802Z,44,TRUE,1241,0.13,2,2020-11-07T00:00:00Z,TRUE,,0.95,1536.87091766252,2 wk ahead inc death
PL,Poland,incident,quantile,2020-10-27T00:00:00Z,2020-10-27T11:15:01.349802Z,44,TRUE,1241,0.13,2,2020-11-07T00:00:00Z,TRUE,,0.975,1601.13511440824,2 wk ahead inc death
PL,Poland,incident,quantile,2020-10-27T00:00:00Z,2020-10-27T11:15:01.349802Z,44,TRUE,1241,0.13,2,2020-11-07T00:00:00Z,TRUE,,0.99,1679.2423840861,2 wk ahead inc death
PL,Poland,incident,quantile,2020-10-27T00:00:00Z,2020-10-27T11:15:01.349802Z,44,TRUE,1584,0.15,3,2020-11-14T00:00:00Z,TRUE,,0.01,1117.39614971798,3 wk ahead inc death
PL,Poland,incident,quantile,2020-10-27T00:00:00Z,2020-10-27T11:15:01.349802Z,44,TRUE,1584,0.15,3,2020-11-14T00:00:00Z,TRUE,,0.025,1180.524339998,3 wk ahead inc death
PL,Poland,incident,quantile,2020-10-27T00:00:00Z,2020-10-27T11:15:01.349802Z,44,TRUE,1584,0.15,3,2020-11-14T00:00:00Z,TRUE,,0.05,1237.66340272451,3 wk ahead inc death
PL,Poland,incident,quantile,2020-10-27T00:00:00Z,2020-10-27T11:15:01.349802Z,44,TRUE,1584,0.15,3,2020-11-14T00:00:00Z,TRUE,,0.1,1306.98186408725,3 wk ahead inc death
PL,Poland,incident,quantile,2020-10-27T00:00:00Z,2020-10-27T11:15:01.349802Z,44,TRUE,1584,0.15,3,2020-11-14T00:00:00Z,TRUE,,0.15,1355.930975187,3 wk ahead inc death
PL,Poland,incident,quantile,2020-10-27T00:00:00Z,2020-10-27T11:15:01.349802Z,44,TRUE,1584,0.15,3,2020-11-14T00:00:00Z,TRUE,,0.2,1396.13835606221,3 wk ahead inc death
PL,Poland,incident,quantile,2020-10-27T00:00:00Z,2020-10-27T11:15:01.349802Z,44,TRUE,1584,0.15,3,2020-11-14T00:00:00Z,TRUE,,0.25,1431.58157679099,3 wk ahead inc death
PL,Poland,incident,quantile,2020-10-27T00:00:00Z,2020-10-27T11:15:01.349802Z,44,TRUE,1584,0.15,3,2020-11-14T00:00:00Z,TRUE,,0.3,1464.17686326868,3 wk ahead inc death
PL,Poland,incident,quantile,2020-10-27T00:00:00Z,2020-10-27T11:15:01.349802Z,44,TRUE,1584,0.15,3,2020-11-14T00:00:00Z,TRUE,,0.35,1495.04338042911,3 wk ahead inc death
PL,Poland,incident,quantile,2020-10-27T00:00:00Z,2020-10-27T11:15:01.349802Z,44,TRUE,1584,0.15,3,2020-11-14T00:00:00Z,TRUE,,0.4,1524.93414866211,3 wk ahead inc death
PL,Poland,incident,quantile,2020-10-27T00:00:00Z,2020-10-27T11:15:01.349802Z,44,TRUE,1584,0.15,3,2020-11-14T00:00:00Z,TRUE,,0.45,1554.42249587929,3 wk ahead inc death
PL,Poland,incident,quantile,2020-10-27T00:00:00Z,2020-10-27T11:15:01.349802Z,44,TRUE,1584,0.15,3,2020-11-14T00:00:00Z,TRUE,,0.5,1584,3 wk ahead inc death
PL,Poland,incident,quantile,2020-10-27T00:00:00Z,2020-10-27T11:15:01.349802Z,44,TRUE,1584,0.15,3,2020-11-14T00:00:00Z,TRUE,,0.55,1614.14030397231,3 wk ahead inc death
PL,Poland,incident,quantile,2020-10-27T00:00:00Z,2020-10-27T11:15:01.349802Z,44,TRUE,1584,0.15,3,2020-11-14T00:00:00Z,TRUE,,0.6,1645.35367130529,3 wk ahead inc death
PL,Poland,incident,quantile,2020-10-27T00:00:00Z,2020-10-27T11:15:01.349802Z,44,TRUE,1584,0.15,3,2020-11-14T00:00:00Z,TRUE,,0.65,1678.24962997385,3 wk ahead inc death
PL,Poland,incident,quantile,2020-10-27T00:00:00Z,2020-10-27T11:15:01.349802Z,44,TRUE,1584,0.15,3,2020-11-14T00:00:00Z,TRUE,,0.7,1713.62904505859,3 wk ahead inc death
PL,Poland,incident,quantile,2020-10-27T00:00:00Z,2020-10-27T11:15:01.349802Z,44,TRUE,1584,0.15,3,2020-11-14T00:00:00Z,TRUE,,0.75,1752.64619262862,3 wk ahead inc death
PL,Poland,incident,quantile,2020-10-27T00:00:00Z,2020-10-27T11:15:01.349802Z,44,TRUE,1584,0.15,3,2020-11-14T00:00:00Z,TRUE,,0.8,1797.13993896477,3 wk ahead inc death
PL,Poland,incident,quantile,2020-10-27T00:00:00Z,2020-10-27T11:15:01.349802Z,44,TRUE,1584,0.15,3,2020-11-14T00:00:00Z,TRUE,,0.85,1850.43047611916,3 wk ahead inc death
PL,Poland,incident,quantile,2020-10-27T00:00:00Z,2020-10-27T11:15:01.349802Z,44,TRUE,1584,0.15,3,2020-11-14T00:00:00Z,TRUE,,0.9,1919.73283558317,3 wk ahead inc death
PL,Poland,incident,quantile,2020-10-27T00:00:00Z,2020-10-27T11:15:01.349802Z,44,TRUE,1584,0.15,3,2020-11-14T00:00:00Z,TRUE,,0.95,2027.25231632182,3 wk ahead inc death
PL,Poland,incident,quantile,2020-10-27T00:00:00Z,2020-10-27T11:15:01.349802Z,44,TRUE,1584,0.15,3,2020-11-14T00:00:00Z,TRUE,,0.975,2125.37422142795,3 wk ahead inc death
PL,Poland,incident,quantile,2020-10-27T00:00:00Z,2020-10-27T11:15:01.349802Z,44,TRUE,1584,0.15,3,2020-11-14T00:00:00Z,TRUE,,0.99,2245.44894004983,3 wk ahead inc death
PL,Poland,incident,quantile,2020-10-27T00:00:00Z,2020-10-27T11:15:01.349802Z,44,TRUE,2156,0.16,4,2020-11-21T00:00:00Z,TRUE,,0.01,1485.92725748081,4 wk ahead inc death
PL,Poland,incident,quantile,2020-10-27T00:00:00Z,2020-10-27T11:15:01.349802Z,44,TRUE,2156,0.16,4,2020-11-21T00:00:00Z,TRUE,,0.025,1575.63822988586,4 wk ahead inc death
PL,Poland,incident,quantile,2020-10-27T00:00:00Z,2020-10-27T11:15:01.349802Z,44,TRUE,2156,0.16,4,2020-11-21T00:00:00Z,TRUE,,0.05,1657.11489090157,4 wk ahead inc death
PL,Poland,incident,quantile,2020-10-27T00:00:00Z,2020-10-27T11:15:01.349802Z,44,TRUE,2156,0.16,4,2020-11-21T00:00:00Z,TRUE,,0.1,1756.29487005552,4 wk ahead inc death
PL,Poland,incident,quantile,2020-10-27T00:00:00Z,2020-10-27T11:15:01.349802Z,44,TRUE,2156,0.16,4,2020-11-21T00:00:00Z,TRUE,,0.15,1826.54336797111,4 wk ahead inc death
PL,Poland,incident,quantile,2020-10-27T00:00:00Z,2020-10-27T11:15:01.349802Z,44,TRUE,2156,0.16,4,2020-11-21T00:00:00Z,TRUE,,0.2,1884.37321877968,4 wk ahead inc death
PL,Poland,incident,quantile,2020-10-27T00:00:00Z,2020-10-27T11:15:01.349802Z,44,TRUE,2156,0.16,4,2020-11-21T00:00:00Z,TRUE,,0.25,1935.44310096829,4 wk ahead inc death
PL,Poland,incident,quantile,2020-10-27T00:00:00Z,2020-10-27T11:15:01.349802Z,44,TRUE,2156,0.16,4,2020-11-21T00:00:00Z,TRUE,,0.3,1982.48393484977,4 wk ahead inc death
PL,Poland,incident,quantile,2020-10-27T00:00:00Z,2020-10-27T11:15:01.349802Z,44,TRUE,2156,0.16,4,2020-11-21T00:00:00Z,TRUE,,0.35,2027.09427989156,4 wk ahead inc death
PL,Poland,incident,quantile,2020-10-27T00:00:00Z,2020-10-27T11:15:01.349802Z,44,TRUE,2156,0.16,4,2020-11-21T00:00:00Z,TRUE,,0.4,2070.35298427692,4 wk ahead inc death
PL,Poland,incident,quantile,2020-10-27T00:00:00Z,2020-10-27T11:15:01.349802Z,44,TRUE,2156,0.16,4,2020-11-21T00:00:00Z,TRUE,,0.45,2113.08473070834,4 wk ahead inc death
PL,Poland,incident,quantile,2020-10-27T00:00:00Z,2020-10-27T11:15:01.349802Z,44,TRUE,2156,0.16,4,2020-11-21T00:00:00Z,TRUE,,0.5,2156,4 wk ahead inc death
PL,Poland,incident,quantile,2020-10-27T00:00:00Z,2020-10-27T11:15:01.349802Z,44,TRUE,2156,0.16,4,2020-11-21T00:00:00Z,TRUE,,0.55,2199.78684832094,4 wk ahead inc death
PL,Poland,incident,quantile,2020-10-27T00:00:00Z,2020-10-27T11:15:01.349802Z,44,TRUE,2156,0.16,4,2020-11-21T00:00:00Z,TRUE,,0.6,2245.19008850244,4 wk ahead inc death
PL,Poland,incident,quantile,2020-10-27T00:00:00Z,2020-10-27T11:15:01.349802Z,44,TRUE,2156,0.16,4,2020-11-21T00:00:00Z,TRUE,,0.65,2293.10301257851,4 wk ahead inc death
PL,Poland,incident,quantile,2020-10-27T00:00:00Z,2020-10-27T11:15:01.349802Z,44,TRUE,2156,0.16,4,2020-11-21T00:00:00Z,TRUE,,0.7,2344.70298512267,4 wk ahead inc death
PL,Poland,incident,quantile,2020-10-27T00:00:00Z,2020-10-27T11:15:01.349802Z,44,TRUE,2156,0.16,4,2020-11-21T00:00:00Z,TRUE,,0.75,2401.69085708305,4 wk ahead inc death
PL,Poland,incident,quantile,2020-10-27T00:00:00Z,2020-10-27T11:15:01.349802Z,44,TRUE,2156,0.16,4,2020-11-21T00:00:00Z,TRUE,,0.8,2466.78097187683,4 wk ahead inc death
PL,Poland,incident,quantile,2020-10-27T00:00:00Z,2020-10-27T11:15:01.349802Z,44,TRUE,2156,0.16,4,2020-11-21T00:00:00Z,TRUE,,0.85,2544.88126671928,4 wk ahead inc death
PL,Poland,incident,quantile,2020-10-27T00:00:00Z,2020-10-27T11:15:01.349802Z,44,TRUE,2156,0.16,4,2020-11-21T00:00:00Z,TRUE,,0.9,2646.67174018054,4 wk ahead inc death
PL,Poland,incident,quantile,2020-10-27T00:00:00Z,2020-10-27T11:15:01.349802Z,44,TRUE,2156,0.16,4,2020-11-21T00:00:00Z,TRUE,,0.95,2805.07768382373,4 wk ahead inc death
PL,Poland,incident,quantile,2020-10-27T00:00:00Z,2020-10-27T11:15:01.349802Z,44,TRUE,2156,0.16,4,2020-11-21T00:00:00Z,TRUE,,0.975,2950.12897747266,4 wk ahead inc death
PL,Poland,incident,quantile,2020-10-27T00:00:00Z,2020-10-27T11:15:01.349802Z,44,TRUE,2156,0.16,4,2020-11-21T00:00:00Z,TRUE,,0.99,3128.23927052838,4 wk ahead inc death
