region,date,strat,type,median,mean,sd,lower_90,lower_50,lower_20,upper_20,upper_50,upper_90
Germany,2020-08-17,,estimate,-0.0303165248700238,-0.0298745357044171,0.0177401687046048,-0.0587979623691384,-0.0414472230966811,-0.0343807305425628,-0.0256613740866135,-0.0184226774649701,-0.000830763723358239
Germany,2020-08-18,,estimate,-0.0288300577237167,-0.0285801834513003,0.0152582998779587,-0.0532334721982423,-0.0388011989429313,-0.0326164900589168,-0.0248526921233646,-0.0183478175679967,-0.00361711753594599
Germany,2020-08-19,,estimate,-0.0270999971585443,-0.0269796782049714,0.0130745849528967,-0.0480206157705933,-0.0357339697084481,-0.0304137610887604,-0.0239637721528871,-0.0178789782489357,-0.00578083078410203
Germany,2020-08-20,,estimate,-0.0252041939740938,-0.0250563843697826,0.0112188814508322,-0.0430793148131687,-0.0327883776360611,-0.0278647732742724,-0.0222485804531253,-0.0171232528817426,-0.00716692652885078
Germany,2020-08-21,,estimate,-0.0229188293864166,-0.0228013352631321,0.00970972380088152,-0.0383052598260688,-0.0295951758763011,-0.0252288552715691,-0.0203627500248704,-0.0159438302519125,-0.0069764569896469
Germany,2020-08-22,,estimate,-0.020341173525317,-0.0202149227738804,0.00854871358013521,-0.034304043039791,-0.0260017501773365,-0.0225151638441803,-0.0180020552294527,-0.0142126539738696,-0.00632105076935875
Germany,2020-08-23,,estimate,-0.0171211177125354,-0.0173084215736428,0.00771306808233509,-0.0297925171995641,-0.0224350400712729,-0.0192292145838426,-0.0153235522117793,-0.0121705134085759,-0.00478628007106603
Germany,2020-08-24,,estimate,-0.0138987603478743,-0.0141051999374243,0.007152003431816,-0.0258308326573497,-0.0187496668276673,-0.0157002339944686,-0.0120795428031076,-0.0094919564329146,-0.00281449178441136
Germany,2020-08-25,,estimate,-0.0101889043744118,-0.0106414586713939,0.00679429032004559,-0.0221442083886351,-0.0148605453851918,-0.0120511864639386,-0.00875145252687928,-0.00616522359498064,0.000122830601251595
Germany,2020-08-26,,estimate,-0.00666746812438214,-0.00696636253562427,0.00656638807556802,-0.0182252233943287,-0.0109529355432529,-0.00828264595941708,-0.0050896611503799,-0.00256944207802267,0.00329840955459321
Germany,2020-08-27,,estimate,-0.00290706069440798,-0.00314146954173595,0.00641087479447877,-0.0139751132532311,-0.00712496224673835,-0.00432719729193459,-0.00149580472978071,0.00102711424875956,0.00699277815197111
Germany,2020-08-28,,estimate,0.000938744724339455,0.000760596418917433,0.00629565553518099,-0.00955426267575116,-0.00317478282930026,-0.000546126713006019,0.00238583919086737,0.00467872660338494,0.0109829901727635
Germany,2020-08-29,,estimate,0.00480533535027534,0.00465825285799188,0.0062120522217923,-0.0052032460084472,0.000773476936841793,0.00331320049853931,0.00615190583767305,0.00878304065189637,0.0145094699404297
Germany,2020-08-30,,estimate,0.00850718910071229,0.00846383762857899,0.00616512422975264,-0.00150084450213318,0.00449601272010658,0.00702883729186974,0.0100441355064662,0.0124127241956705,0.0182636075592684
Germany,2020-08-31,,estimate,0.0122332470627141,0.0120872013945606,0.00616147149885914,0.00206671960062412,0.00799270310597937,0.0105260489523866,0.013684614962775,0.0160340542947515,0.0220271184676514
Germany,2020-09-01,,estimate,0.0154646317239043,0.015439876182864,0.00620018515775592,0.00513130726355001,0.0112797923447265,0.0137022299240456,0.017021253579647,0.0194410365976406,0.0256064401516163
Germany,2020-09-02,,estimate,0.0183312966102243,0.0184395837016958,0.00627063818491004,0.00837005778162517,0.0141700652378552,0.0167847250264273,0.0199156379587749,0.0223999217632164,0.0291063986018884
Germany,2020-09-03,,estimate,0.0208590096592869,0.021014759929077,0.00635621038341536,0.0108056251662178,0.0166383031618238,0.0193431743532852,0.0224181194275204,0.0249607948323525,0.031973887528028
Germany,2020-09-04,,estimate,0.0228712092999987,0.0231087334132837,0.00643937475065627,0.0130488258936596,0.0186573460911425,0.0212246632235749,0.0244322415015979,0.0271041286556963,0.0339783475897873
Germany,2020-09-05,,estimate,0.024324733581353,0.0246832223269658,0.00650418786139646,0.0146549794843062,0.0200962101550095,0.0227382878572869,0.0258467838690231,0.0286656626840692,0.0359075773024777
Germany,2020-09-06,,estimate,0.0254109040673868,0.0257208971528538,0.00653591045910819,0.0158310683791939,0.0211644679311828,0.0236332636807997,0.0268373370877921,0.0296699949007366,0.0374018471157034
Germany,2020-09-07,,estimate,0.0256153345698339,0.0262268566624742,0.00652048424846405,0.0166178717516283,0.0216308438030746,0.0241525757230651,0.0273197975755458,0.0301476049487117,0.0381313778546093
Germany,2020-09-08,,estimate,0.0255442895896844,0.0262289507059389,0.00644663885008602,0.0167051018668033,0.0217902021528547,0.0240180240249904,0.0272769979456829,0.0301820861387009,0.0378770639958831
Germany,2020-09-09,,estimate,0.0250545611156211,0.0257769435884658,0.0063110271843794,0.0163491331874482,0.0214829035336994,0.0235775831544986,0.0268471989961343,0.0296375003011116,0.0369520153269052
Germany,2020-09-10,,estimate,0.0243589660502479,0.0249405612495819,0.00612412981690692,0.0159730230860876,0.0208054380708071,0.0228369325409941,0.0260668338064009,0.0285727375692787,0.0357631615779827
Germany,2020-09-11,,estimate,0.0234515835693985,0.0238065260306641,0.00591337992718347,0.0150083090553778,0.0198094088454192,0.0219748401245324,0.0249454421438245,0.027336981413654,0.0339150865743792
Germany,2020-09-12,,estimate,0.0223196996208933,0.0224747604929023,0.00572023060063195,0.0136788745157424,0.0185961052514366,0.0208239521254142,0.0236813173225046,0.0260512955865761,0.0319825217195695
Germany,2020-09-13,,estimate,0.0209381315375757,0.0210540176385802,0.00558957384614243,0.0121267313872617,0.0172896317869792,0.0195579291235276,0.0223703871324516,0.0247170770150224,0.0301470350201158
Germany,2020-09-14,,estimate,0.0196897320816862,0.0196572374604328,0.00555382619217226,0.0105980188124681,0.0159821949521651,0.0183621882622644,0.021146303070533,0.0234313397888308,0.0283820756517514
Germany,2020-09-15,,estimate,0.018654410558793,0.0183969178709083,0.00561952524979325,0.00928973206130638,0.0148015318469166,0.0172872154286367,0.0199647765778069,0.0221839250864213,0.0270186825027988
Germany,2020-09-16,,estimate,0.0177590588619769,0.0173807266167502,0.00576532642879582,0.0075225438003403,0.0138146365944302,0.0162480928511528,0.0190605978612523,0.0212969576450896,0.0259368475955876
Germany,2020-09-17,,estimate,0.0171421518152032,0.0167074976960914,0.00595208495937361,0.00620769532510244,0.0130481480770407,0.0156996110926132,0.0186024610059855,0.0207524294195789,0.0257128716696483
Germany,2020-09-18,,estimate,0.0170579381895587,0.0164636845996657,0.00613681231498065,0.00554670853219658,0.0126971672411413,0.0154465156471733,0.0184872562909547,0.0207167427616074,0.0256153192809955
Germany,2020-09-19,,estimate,0.0172258911670138,0.0167203043260267,0.00628286818417991,0.00541803889710971,0.0129313925007867,0.0157510366201419,0.0187600171979068,0.0210818564614393,0.0261070486403397
Germany,2020-09-20,,estimate,0.0180304342019736,0.0175304015719167,0.00636478426057865,0.00611009309986832,0.0136789258191238,0.0164141976137169,0.0195745120784334,0.0220443016549029,0.0269793056375087
Germany,2020-09-21,,estimate,0.0194225875922394,0.0189270782503046,0.00636976202705452,0.007733702430404,0.0148874293760422,0.0177672339492868,0.0209908054020987,0.0232924851296895,0.0285287968927213
Germany,2020-09-22,,estimate,0.0212228924055918,0.020922153010546,0.00629803282796368,0.0100784406192175,0.0169653824262624,0.019654589089823,0.0229171162674804,0.0254454490033121,0.0304960628978972
Germany,2020-09-23,,estimate,0.0237088632853173,0.0235055282770338,0.00616305958435372,0.0129867112899922,0.0198376277222494,0.0222938027056611,0.0254528579617479,0.0276783420563246,0.0328746343360433
Germany,2020-09-24,,estimate,0.026937967627226,0.0266453461311511,0.00599124789759279,0.0161408758876602,0.0231406905130409,0.0254696777873165,0.0284454181562693,0.0307273030431277,0.0357167553849145
Germany,2020-09-25,,estimate,0.0305157453186632,0.0302890106239012,0.00581964173628029,0.0205158622488192,0.0266901128965565,0.0292280914035273,0.0319329918570728,0.0341700603312556,0.0391454649191059
Germany,2020-09-26,,estimate,0.03458463279754,0.034365141701158,0.00568936383156781,0.0247935089548186,0.0307298532791582,0.0332857121335278,0.0359383312300977,0.0381027719380706,0.0433873977881007
Germany,2020-09-27,,estimate,0.0388003792889595,0.0387864968963995,0.0056337795329001,0.0293975411343757,0.035118938349923,0.0375569368553929,0.0400738896481913,0.0423267744632965,0.0478173018591082
Germany,2020-09-28,,estimate,0.0433150878407253,0.0434538376580891,0.00566500737007324,0.0342324083488527,0.0397448064766686,0.0420963108378861,0.0446313056401476,0.0469120659252779,0.0531937813786742
Germany,2020-09-29,,estimate,0.0480058682358671,0.0482606159532087,0.00576741194059896,0.0390821469807913,0.0444660926769089,0.0466423734531626,0.049310350700745,0.0517640142163174,0.058250666794072
Germany,2020-09-30,,estimate,0.0527489757449987,0.0530982159733646,0.0059043461583451,0.0440424736092163,0.0490706999638972,0.0513765701797532,0.0542537331904206,0.0565999135501493,0.0634001379627276
Germany,2020-10-01,,estimate,0.0575369221428939,0.0578613317882593,0.0060346986031221,0.0485519184675483,0.0537037558221866,0.0559750007889693,0.058954662201641,0.0614568948869757,0.0684978740066294
Germany,2020-10-02,,estimate,0.0620301425342084,0.0624529441705887,0.00612974602381987,0.0532241406900942,0.0580874651169362,0.0605731691560853,0.0635422533376964,0.0661584242544283,0.0730884052065225
Germany,2020-10-03,,estimate,0.0663658969245121,0.0667883338924039,0.00618294540739676,0.0575616894622298,0.0624953342270276,0.0649460234913829,0.0679951920940918,0.0707452998016571,0.0775810810958588
Germany,2020-10-04,,estimate,0.0704457786695114,0.070797667640873,0.00620981850237029,0.0613961680268604,0.0665081718501844,0.0689704478853486,0.0719585614711569,0.0748051049104206,0.0816087741573947
Germany,2020-10-05,,estimate,0.0741780039930121,0.0744269049980795,0.00623828148640141,0.0645851649014656,0.0700916421379983,0.0727319432879088,0.0756758653851948,0.0784574147885972,0.0850103936732365
Germany,2020-10-06,,estimate,0.0773955505784398,0.0776370456160632,0.00629296988575578,0.067662604825361,0.0733227177931823,0.0759433949617677,0.0789647042979261,0.0816588530932161,0.0883156996391179
Germany,2020-10-07,,estimate,0.0802204850511929,0.0804019914454723,0.00638086418205905,0.0703423897950723,0.0760699426070539,0.0786025791544034,0.0818866754463014,0.0844559510505453,0.0909865237771087
Germany,2020-10-08,,estimate,0.0824938681551921,0.0827054814734355,0.0064862663625913,0.0725940033914009,0.0783768009085627,0.0808802445321311,0.0842698715270014,0.0869427574974503,0.0931529301155761
Germany,2020-10-09,,estimate,0.084516406090195,0.0845376425192717,0.00657772757482762,0.0741189924292838,0.0800812892994629,0.0828148846938564,0.0862225047526596,0.0889570939020023,0.0952531593394406
Germany,2020-10-10,,estimate,0.0859307508721159,0.0858916976064159,0.00662212759294661,0.0751989344841844,0.0816595989780616,0.0842537362955236,0.0875778613999104,0.090286398594218,0.0967111657089098
Germany,2020-10-11,,estimate,0.0868507833218464,0.0867613064671955,0.00659875632041197,0.0757130222157616,0.0825841670016608,0.0851673703275763,0.0884264813904147,0.0910521914678052,0.0975814711965997
Germany,2020-10-12,,estimate,0.0872279906140739,0.0871389030433658,0.00650883489029273,0.0762943482010983,0.0829516833943949,0.085556873635881,0.088884844046193,0.0914509673160586,0.0977032982241135
Germany,2020-10-13,,estimate,0.0871161489407835,0.0870152573709823,0.00637852626727946,0.0767131663052532,0.0827251257297449,0.0854544883370014,0.0887367427081341,0.0911553645955735,0.0973979018595642
Germany,2020-10-14,,estimate,0.0864043687869567,0.0863803336734016,0.00625386076382061,0.0763687816093272,0.0822270450315872,0.0848044281104375,0.088081141955827,0.0905145107506316,0.0965787725034574
Germany,2020-10-15,,estimate,0.0851765857012095,0.0852253517543208,0.00618611412176958,0.0754186981473876,0.0811274022581291,0.083740557136034,0.0867668656948316,0.0891923635041116,0.095357047663052
Germany,2020-10-16,,estimate,0.0835237702028684,0.0835457958827191,0.00621016682178743,0.0737612331222642,0.079337345053802,0.0819585451897034,0.0849262593010826,0.0876455612337225,0.0940140287152743
Germany,2020-10-17,,estimate,0.0812375706449625,0.0813449682153335,0.00632666520751696,0.0714195468202962,0.0771875575334246,0.0796862802710365,0.0828128323406648,0.0853983691429863,0.0920594651750629
Germany,2020-10-18,,estimate,0.078619881824455,0.0786375698835752,0.00650110791449613,0.0683083398121205,0.0743346992553237,0.0769375863699555,0.080030927533557,0.0827272950597815,0.0893287226758053
Germany,2020-10-19,,estimate,0.0753543600501983,0.0754527339310288,0.00668078637422156,0.065039858449565,0.0710281895411079,0.0737131235857925,0.0770080822626498,0.0794584873503489,0.0863379454919191
Germany,2020-10-20,,estimate,0.0719170049256511,0.0718359542164692,0.00681715809217213,0.0610793763937502,0.0674223387228735,0.0701223635378369,0.0732569382279422,0.0759589516465753,0.0830776296499767
Germany,2020-10-21,,estimate,0.0678725617014884,0.0678494709244052,0.00688187556730566,0.0570320177078597,0.063424343803284,0.0661309400599456,0.0693798905522432,0.0721079565303043,0.0790754273497068
Germany,2020-10-22,,estimate,0.0636137944668319,0.0635708852628497,0.00687285076565327,0.0525700095762639,0.059197004891444,0.0620196459272284,0.0651878304559916,0.0679827777214411,0.0743116108537579
Germany,2020-10-23,,estimate,0.0593037126909133,0.0590900536889739,0.00681167236738867,0.0478386887285251,0.054864868101747,0.0576776026301697,0.0606924886276552,0.0632089717598123,0.0695085659188593
Germany,2020-10-24,,estimate,0.0547631404417279,0.0545045991763119,0.00673483151815976,0.0431495005664498,0.0503720826001091,0.0531389554734925,0.0563610872948328,0.0586512027403201,0.0649794405178529
Germany,2020-10-25,,estimate,0.050162776291279,0.0499146046654515,0.00668218273513259,0.0387394845274828,0.0458810060452507,0.0486367304777327,0.0517540756481607,0.0541269923991641,0.0602608252511052
Germany,2020-10-26,,estimate,0.0457276839058361,0.0454171627521871,0.00668824073615407,0.0343713509408709,0.0413820293402071,0.0440850798531384,0.0473715533422424,0.0498770172154769,0.05558880969854
Germany,2020-10-27,,estimate,0.0412949650118588,0.0411014189584336,0.00678271137524896,0.0299981538418945,0.0368791973045794,0.0398267829187243,0.0430761089236976,0.0455350654482316,0.0515131959429615
Germany,2020-10-28,,estimate,0.0371823244009909,0.037044582068448,0.00700210533823402,0.0255471816110759,0.0327246356563579,0.03558615274286,0.0387312665053564,0.0416997216402199,0.0478816049242255
Germany,2020-10-29,,estimate,0.0333717181369147,0.0333091432511143,0.00740490219834085,0.0214316880520284,0.0285561297461401,0.0316933847948276,0.0351352948546113,0.0382255531971869,0.045096632728181
Germany,2020-10-30,,estimate based on partial data,0.0300322974413506,0.0299413229877424,0.00807537685383199,0.0170153293659754,0.024570725125267,0.0280525312717406,0.0320132104013462,0.0353547406712138,0.0433563576191355
Germany,2020-10-31,,estimate based on partial data,0.0270357734986782,0.0269706143043855,0.00910540709756469,0.0120878748960404,0.0208521252872055,0.0247837964854123,0.0292571327295557,0.0331453972567538,0.0420355286715141
Germany,2020-11-01,,estimate based on partial data,0.0244374158165312,0.0244102372126123,0.0105629117778196,0.00686001241685371,0.0173908796475925,0.0216722318531716,0.0272137885574663,0.0315209184202284,0.042340061394286
Germany,2020-11-02,,estimate based on partial data,0.0222288792422758,0.0222583426900876,0.0124710827057555,0.00157671304926113,0.0138652899084056,0.0190989586388986,0.0252994515703374,0.0305502529615087,0.043182810842965
Germany,2020-11-03,,estimate based on partial data,0.0204448446564839,0.0204998542322992,0.0148106737840792,-0.00405259618460379,0.0105182294535389,0.0167174539257437,0.0241996123249445,0.0301044666126276,0.0452871479891258
Germany,2020-11-04,,estimate based on partial data,0.0189162826395488,0.0191088566296957,0.0175358121143333,-0.00881117507731472,0.00728515940268021,0.0147327741695862,0.0232744292717425,0.0299551566287523,0.0484621303755887
Germany,2020-11-05,,estimate based on partial data,0.0175050986763728,0.0180514061027181,0.0205900135961689,-0.0149372153852513,0.00393834177606598,0.0126072597361425,0.0227309615077122,0.0305959692786284,0.0526832302837761
Germany,2020-11-06,,estimate based on partial data,0.0161617126787121,0.0172885561573899,0.02391703950271,-0.019353984349204,0.000982946101782427,0.0107173341210361,0.0221163182508497,0.0317573032038511,0.0568886054896693
Germany,2020-11-07,,estimate based on partial data,0.0151691028651818,0.0167793180232042,0.0274666746270189,-0.0242146623552636,-0.00142143189438719,0.00927945481091157,0.021841443213012,0.0328002589706978,0.0621426179091247
Germany,2020-11-08,,estimate based on partial data,0.0145568791944232,0.0164832581944565,0.0311968512397607,-0.0298431735586247,-0.00359695579945917,0.00790300836476772,0.022053585947811,0.0337225872338132,0.0689684514607169
Germany,2020-11-09,,estimate based on partial data,0.0137873147639886,0.0163625036143466,0.0350735593647554,-0.035041723014165,-0.00610550975168172,0.00653725835615139,0.0220341309249472,0.0348629497332615,0.0761168019930435
Germany,2020-11-10,,forecast,0.0137873147639886,0.0163625036143466,0.0350735593647554,-0.035041723014165,-0.00610550975168172,0.00653725835615139,0.0220341309249472,0.0348629497332615,0.0761168019930435
Germany,2020-11-11,,forecast,0.0137873147639886,0.0163625036143466,0.0350735593647554,-0.035041723014165,-0.00610550975168172,0.00653725835615139,0.0220341309249472,0.0348629497332615,0.0761168019930435
Germany,2020-11-12,,forecast,0.0137873147639886,0.0163625036143466,0.0350735593647554,-0.035041723014165,-0.00610550975168172,0.00653725835615139,0.0220341309249472,0.0348629497332615,0.0761168019930435
Germany,2020-11-13,,forecast,0.0137873147639886,0.0163625036143466,0.0350735593647554,-0.035041723014165,-0.00610550975168172,0.00653725835615139,0.0220341309249472,0.0348629497332615,0.0761168019930435
Germany,2020-11-14,,forecast,0.0137873147639886,0.0163625036143466,0.0350735593647554,-0.035041723014165,-0.00610550975168172,0.00653725835615139,0.0220341309249472,0.0348629497332615,0.0761168019930435
Germany,2020-11-15,,forecast,0.0137873147639886,0.0163625036143466,0.0350735593647554,-0.035041723014165,-0.00610550975168172,0.00653725835615139,0.0220341309249472,0.0348629497332615,0.0761168019930435
Germany,2020-11-16,,forecast,0.0137873147639886,0.0163625036143466,0.0350735593647554,-0.035041723014165,-0.00610550975168172,0.00653725835615139,0.0220341309249472,0.0348629497332615,0.0761168019930435
Germany,2020-11-17,,forecast,0.0137873147639886,0.0163625036143466,0.0350735593647554,-0.035041723014165,-0.00610550975168172,0.00653725835615139,0.0220341309249472,0.0348629497332615,0.0761168019930435
Germany,2020-11-18,,forecast,0.0137873147639886,0.0163625036143466,0.0350735593647554,-0.035041723014165,-0.00610550975168172,0.00653725835615139,0.0220341309249472,0.0348629497332615,0.0761168019930435
Germany,2020-11-19,,forecast,0.0137873147639886,0.0163625036143466,0.0350735593647554,-0.035041723014165,-0.00610550975168172,0.00653725835615139,0.0220341309249472,0.0348629497332615,0.0761168019930435
Germany,2020-11-20,,forecast,0.0137873147639886,0.0163625036143466,0.0350735593647554,-0.035041723014165,-0.00610550975168172,0.00653725835615139,0.0220341309249472,0.0348629497332615,0.0761168019930435
Germany,2020-11-21,,forecast,0.0137873147639886,0.0163625036143466,0.0350735593647554,-0.035041723014165,-0.00610550975168172,0.00653725835615139,0.0220341309249472,0.0348629497332615,0.0761168019930435
Germany,2020-11-22,,forecast,0.0137873147639886,0.0163625036143466,0.0350735593647554,-0.035041723014165,-0.00610550975168172,0.00653725835615139,0.0220341309249472,0.0348629497332615,0.0761168019930435
Germany,2020-11-23,,forecast,0.0137873147639886,0.0163625036143466,0.0350735593647554,-0.035041723014165,-0.00610550975168172,0.00653725835615139,0.0220341309249472,0.0348629497332615,0.0761168019930435
Germany,2020-11-24,,forecast,0.0137873147639886,0.0163625036143466,0.0350735593647554,-0.035041723014165,-0.00610550975168172,0.00653725835615139,0.0220341309249472,0.0348629497332615,0.0761168019930435
Germany,2020-11-25,,forecast,0.0137873147639886,0.0163625036143466,0.0350735593647554,-0.035041723014165,-0.00610550975168172,0.00653725835615139,0.0220341309249472,0.0348629497332615,0.0761168019930435
Germany,2020-11-26,,forecast,0.0137873147639886,0.0163625036143466,0.0350735593647554,-0.035041723014165,-0.00610550975168172,0.00653725835615139,0.0220341309249472,0.0348629497332615,0.0761168019930435
Germany,2020-11-27,,forecast,0.0137873147639886,0.0163625036143466,0.0350735593647554,-0.035041723014165,-0.00610550975168172,0.00653725835615139,0.0220341309249472,0.0348629497332615,0.0761168019930435
Germany,2020-11-28,,forecast,0.0137873147639886,0.0163625036143466,0.0350735593647554,-0.035041723014165,-0.00610550975168172,0.00653725835615139,0.0220341309249472,0.0348629497332615,0.0761168019930435
Germany,2020-11-29,,forecast,0.0137873147639886,0.0163625036143466,0.0350735593647554,-0.035041723014165,-0.00610550975168172,0.00653725835615139,0.0220341309249472,0.0348629497332615,0.0761168019930435
Germany,2020-11-30,,forecast,0.0137873147639886,0.0163625036143466,0.0350735593647554,-0.035041723014165,-0.00610550975168172,0.00653725835615139,0.0220341309249472,0.0348629497332615,0.0761168019930435
Germany,2020-12-01,,forecast,0.0137873147639886,0.0163625036143466,0.0350735593647554,-0.035041723014165,-0.00610550975168172,0.00653725835615139,0.0220341309249472,0.0348629497332615,0.0761168019930435
Germany,2020-12-02,,forecast,0.0137873147639886,0.0163625036143466,0.0350735593647554,-0.035041723014165,-0.00610550975168172,0.00653725835615139,0.0220341309249472,0.0348629497332615,0.0761168019930435
Germany,2020-12-03,,forecast,0.0137873147639886,0.0163625036143466,0.0350735593647554,-0.035041723014165,-0.00610550975168172,0.00653725835615139,0.0220341309249472,0.0348629497332615,0.0761168019930435
Germany,2020-12-04,,forecast,0.0137873147639886,0.0163625036143466,0.0350735593647554,-0.035041723014165,-0.00610550975168172,0.00653725835615139,0.0220341309249472,0.0348629497332615,0.0761168019930435
Germany,2020-12-05,,forecast,0.0137873147639886,0.0163625036143466,0.0350735593647554,-0.035041723014165,-0.00610550975168172,0.00653725835615139,0.0220341309249472,0.0348629497332615,0.0761168019930435
Germany,2020-12-06,,forecast,0.0137873147639886,0.0163625036143466,0.0350735593647554,-0.035041723014165,-0.00610550975168172,0.00653725835615139,0.0220341309249472,0.0348629497332615,0.0761168019930435
Germany,2020-12-07,,forecast,0.0137873147639886,0.0163625036143466,0.0350735593647554,-0.035041723014165,-0.00610550975168172,0.00653725835615139,0.0220341309249472,0.0348629497332615,0.0761168019930435
Germany,2020-12-08,,forecast,0.0137873147639886,0.0163625036143466,0.0350735593647554,-0.035041723014165,-0.00610550975168172,0.00653725835615139,0.0220341309249472,0.0348629497332615,0.0761168019930435
Germany,2020-12-09,,forecast,0.0137873147639886,0.0163625036143466,0.0350735593647554,-0.035041723014165,-0.00610550975168172,0.00653725835615139,0.0220341309249472,0.0348629497332615,0.0761168019930435
Poland,2020-08-17,,estimate,-0.022602134569261,-0.0217753750129858,0.0254615277137102,-0.0612743060134462,-0.0387772502684074,-0.0293595287012248,-0.0167501265497659,-0.00675413505617064,0.0224370072050448
Poland,2020-08-18,,estimate,-0.0240030531532821,-0.0229732198593242,0.0230545677405278,-0.0587894467118124,-0.0383732931830341,-0.0296697706665061,-0.018533934817996,-0.00917747565130432,0.0174054487447844
Poland,2020-08-19,,estimate,-0.0246178894600276,-0.0240620548012529,0.0208673900602326,-0.0571094363095482,-0.0378435914379308,-0.0299168061810019,-0.0198513363788489,-0.0111615428253635,0.0121441373309237
Poland,2020-08-20,,estimate,-0.0255862336266405,-0.025010059774147,0.0189179164458733,-0.0553721789151381,-0.0377355783321176,-0.0300331854702423,-0.020985697695366,-0.0128386183303927,0.00673019915885119
Poland,2020-08-21,,estimate,-0.0264190118029111,-0.0257830286898914,0.0172255503101753,-0.0534997081413976,-0.0375330013101495,-0.030081240587436,-0.0218046523836992,-0.0144491122002945,0.0023857511575897
Poland,2020-08-22,,estimate,-0.0266393653213439,-0.0263450121023921,0.0158079127235437,-0.0515230187938755,-0.0371502467559194,-0.0303509325772926,-0.0228277203864584,-0.0155587932890968,0.000125344781088195
Poland,2020-08-23,,estimate,-0.0271030519636601,-0.0266591616600855,0.0146749936295021,-0.0497136149091273,-0.0367068022656526,-0.0305098298088845,-0.0233554746848417,-0.0167236294815619,-0.00255095092463819
Poland,2020-08-24,,estimate,-0.0267274536355219,-0.0266887484614639,0.0138219834090854,-0.0484339877971696,-0.035972891044895,-0.0301196351221876,-0.0233466933172899,-0.0172973636853325,-0.00429982719244487
Poland,2020-08-25,,estimate,-0.0265594757040289,-0.0263983091046881,0.0132240286221489,-0.0475523162916749,-0.0350157998300881,-0.0296714286469803,-0.0231613331927331,-0.0173392224221886,-0.00576113723794133
Poland,2020-08-26,,estimate,-0.0255344517703327,-0.0257548692484958,0.0128363793506426,-0.0469040428864727,-0.0336500976953307,-0.0290035586526942,-0.0222814744126273,-0.0170745539805687,-0.00578026820237961
Poland,2020-08-27,,estimate,-0.0242921388374101,-0.0247291975996029,0.0126007224871115,-0.0453884990646244,-0.0324038310095846,-0.027490450447023,-0.0213077027902414,-0.0164088051353859,-0.00488652298278132
Poland,2020-08-28,,estimate,-0.0226732066077428,-0.0232970450887399,0.0124549199965521,-0.0442650491601329,-0.0310394807541582,-0.025850548470783,-0.019970810149755,-0.0151034981602841,-0.00417155540849247
Poland,2020-08-29,,estimate,-0.0207220245173666,-0.0214403221015744,0.0123422226976734,-0.0420643422891658,-0.0286891333957416,-0.0236519438552826,-0.0177979527983349,-0.0133025061265289,-0.00269806220012473
Poland,2020-08-30,,estimate,-0.018360256887617,-0.0191481645900424,0.0122177773380524,-0.0399974509475394,-0.0262560096259796,-0.0212056570203839,-0.0157814432849527,-0.0107567532493391,-0.000917785265762631
Poland,2020-08-31,,estimate,-0.0155505676820905,-0.0164178423804276,0.0120525081484233,-0.0372141951265634,-0.0233941609875352,-0.01859576082039,-0.0128474926657159,-0.00813228052071256,0.00150980407955015
Poland,2020-09-01,,estimate,-0.0124829015427896,-0.013255470219793,0.0118353593660599,-0.0341600228817006,-0.0200570081311646,-0.015336629242302,-0.00981005104756988,-0.0051413609322571,0.00402668394436293
Poland,2020-09-02,,estimate,-0.00912397945455699,-0.00967648799677109,0.0115743735160177,-0.0299655853049629,-0.0161752635171739,-0.0117252767639769,-0.00628419837966365,-0.00170744773408708,0.00742685467948966
Poland,2020-09-03,,estimate,-0.00513533435064771,-0.0057058724322132,0.0112959138025228,-0.0251614523128093,-0.0125154903368363,-0.00768209762016761,-0.00242792878884525,0.00195537668170553,0.0111752510054398
Poland,2020-09-04,,estimate,-0.000900444829287156,-0.0013780244794643,0.0110403230357128,-0.0196572312555061,-0.00806542344574587,-0.00342670109575474,0.00149233912234625,0.00574667507980505,0.0153930953871671
Poland,2020-09-05,,estimate,0.00358881174675553,0.00326374745152872,0.0108524199286151,-0.0148600272207562,-0.00320897993517538,0.0011714649479996,0.00603048818479389,0.0102790804628512,0.0200930970815457
Poland,2020-09-06,,estimate,0.00831921222124211,0.00816823806545938,0.0107676067020752,-0.0098342095031083,0.00166668872121611,0.00575597703340324,0.0107531361689767,0.0152287158581834,0.0249524732585011
Poland,2020-09-07,,estimate,0.0131921752616896,0.0132779100413709,0.0107987291278145,-0.0043557347742416,0.00684036278825798,0.0108251574680214,0.0155823789213528,0.0201813438901281,0.0303093703534726
Poland,2020-09-08,,estimate,0.0181505036909532,0.0185309934866126,0.0109313339565688,0.000990667804389962,0.0118117473982236,0.0158718872337272,0.0207761845989957,0.0251339652598888,0.0364759126117826
Poland,2020-09-09,,estimate,0.0234610645548081,0.0238639841302118,0.0111309626639216,0.00695859961330861,0.0172125550663325,0.0210975870832552,0.025989750804387,0.0303191734635513,0.0422119136781857
Poland,2020-09-10,,estimate,0.0288514099180636,0.0292142955351164,0.0113578388530408,0.0123559995962049,0.0219338017739389,0.0263320545987521,0.0313483232216721,0.0356674383953672,0.0483588317831577
Poland,2020-09-11,,estimate,0.0340802995226714,0.0345227700830321,0.011579946284977,0.0174327449227946,0.0270917797813537,0.0316222628573873,0.0366755183641241,0.0411215374607769,0.053761738710849
Poland,2020-09-12,,estimate,0.0394537521178672,0.0397357877587772,0.0117784185496723,0.0218439118324723,0.0320071206960915,0.0367326936711836,0.0419051675237627,0.0462623251208233,0.0591944977235515
Poland,2020-09-13,,estimate,0.0443021825354712,0.0448068126289669,0.0119451838378854,0.0267842668110376,0.0371423491873442,0.0414623659349577,0.0471072005228951,0.0513924931421958,0.0646705778069216
Poland,2020-09-14,,estimate,0.049065361516731,0.0496973328530079,0.0120770191795451,0.031338117064104,0.0420805257141733,0.0461658843345248,0.0520088637709058,0.0565278086210333,0.0697179220327247
Poland,2020-09-15,,estimate,0.0536774874720092,0.0543772318134543,0.012170787177019,0.0359245696827345,0.0464498393729706,0.0509161453960643,0.056675462857126,0.0614259647898239,0.075057105008313
Poland,2020-09-16,,estimate,0.0583152524248978,0.0588246587391945,0.0122224216777208,0.0401433143046095,0.0507109604299602,0.0553466607990595,0.0612578066575856,0.0660097399641343,0.079389874136434
Poland,2020-09-17,,estimate,0.0626698716271698,0.0630254646832367,0.012229250736085,0.0441978275288846,0.054941312011718,0.0594550349124541,0.0655671497976443,0.0703376341639322,0.0836397470887654
Poland,2020-09-18,,estimate,0.0667375036587511,0.0669722642305203,0.0121933777937334,0.0483688320367296,0.0587523591829236,0.0635214845056434,0.0696262605947808,0.0740490356261779,0.0878254140808678
Poland,2020-09-19,,estimate,0.070306040550156,0.0706631947348007,0.01212364160477,0.0521168548967229,0.0626295954544196,0.067207897925741,0.073211044480693,0.0778823721287015,0.0906189680109062
Poland,2020-09-20,,estimate,0.0734339952273823,0.0741004737492728,0.0120346226944472,0.0558593364368446,0.0661262167832096,0.0708282729372965,0.0764534473180688,0.0813961923270785,0.0940212047623739
Poland,2020-09-21,,estimate,0.0765903685990112,0.0772888871028172,0.011942671362406,0.059030544087495,0.0693643919131054,0.0740243942679798,0.079645669497965,0.084616443861128,0.097359615755567
Poland,2020-09-22,,estimate,0.079802506240087,0.0802343548450336,0.0118606231274094,0.0620181091921158,0.0724332466830617,0.0770658725839183,0.0824014749673691,0.0876434509951317,0.10047909574157
Poland,2020-09-23,,estimate,0.0826074024222956,0.0829427051056988,0.0117940196991136,0.0645950005455395,0.0751489607830865,0.0798091135994464,0.0852611249594113,0.0905880651393609,0.102451235968905
Poland,2020-09-24,,estimate,0.0851429241828059,0.0854187363678837,0.0117411229730684,0.0668245763292334,0.0773835133576158,0.0822339542938203,0.0879318542470405,0.0928982608624516,0.104626342357388
Poland,2020-09-25,,estimate,0.0875255402240397,0.0876655851432894,0.0116965180307063,0.0689699333596469,0.079817924842497,0.0843196769145835,0.0902806291013881,0.0952086114275138,0.106813581598799
Poland,2020-09-26,,estimate,0.089555426561429,0.0896843681392107,0.0116554408977707,0.071106597991565,0.0820306112043891,0.0865091808698348,0.0924053927899567,0.0973590464205319,0.108745669970407
Poland,2020-09-27,,estimate,0.0913080453217657,0.0914740562992552,0.0116157570539866,0.0729091573200732,0.0838826496104495,0.0883496508158732,0.0939506931302229,0.0993081525827627,0.11045227543692
Poland,2020-09-28,,estimate,0.0927313958760219,0.093031555436006,0.0115772522561751,0.0742907296906332,0.0854875977265496,0.0899729315787961,0.0954306529725388,0.100860270690902,0.11195080692907
Poland,2020-09-29,,estimate,0.0940668544322938,0.0943519833264841,0.0115408396965467,0.075370874538665,0.0868416730044782,0.091283514554622,0.0969951740567624,0.10210587221404,0.112699552538368
Poland,2020-09-30,,estimate,0.0953282741221546,0.0954291206938128,0.0115100053385021,0.0766057216538496,0.0879795213342597,0.0924500261547779,0.0981247639880066,0.103139062186498,0.113637623957452
Poland,2020-10-01,,estimate,0.0963906441554847,0.0962559827489765,0.0114932303653703,0.0774203423632985,0.0887567155296699,0.0933871610296238,0.0990496726825905,0.103729645408156,0.114962319581933
Poland,2020-10-02,,estimate,0.0968024351153622,0.0968254460280888,0.0115033571284967,0.0783003581774,0.0893654801529851,0.0941922973063087,0.100011493671139,0.104355733802642,0.115208036983117
Poland,2020-10-03,,estimate,0.0971072499477822,0.0971308955327959,0.0115517389750357,0.078419426787433,0.0894312077717857,0.0944207155862992,0.099995559288439,0.104926105160799,0.11526454303752
Poland,2020-10-04,,estimate,0.0971618682496639,0.0971669079835416,0.0116402154769357,0.0778860434187389,0.0895782943598376,0.094575032876062,0.0998859390932631,0.104632457666855,0.115505298466403
Poland,2020-10-05,,estimate,0.0967270410045094,0.0969300086332528,0.0117569785878281,0.0774826107670073,0.0894870161564023,0.0943757241098434,0.0994356259949746,0.104353054002024,0.115468470880091
Poland,2020-10-06,,estimate,0.0961754684934535,0.0964195023438035,0.0118797946272572,0.0771010715740403,0.0887021576023813,0.0935785240576379,0.0990565579989038,0.104028423228964,0.115389210295563
Poland,2020-10-07,,estimate,0.0953310529910794,0.0956383036855962,0.0119845600179202,0.0770695160488509,0.0877792952160489,0.0924860955145562,0.0982825932379392,0.103343719156235,0.11487919880725
Poland,2020-10-08,,estimate,0.0944475657972735,0.0945936259505937,0.0120541082219387,0.0758958743489659,0.0865333135048339,0.0909382165870892,0.0974097016101862,0.102212907590155,0.114122374754638
Poland,2020-10-09,,estimate,0.0930270552320357,0.0932973772733553,0.0120832322875927,0.0743014082506131,0.0851248542820317,0.0899248451913727,0.0959062002121395,0.100908396791194,0.112902445549977
Poland,2020-10-10,,estimate,0.0913573734234426,0.0917661618822407,0.0120787376684347,0.0732890605433074,0.0837218435044906,0.088514312276978,0.0944198165524464,0.0993336197361534,0.111776125770641
Poland,2020-10-11,,estimate,0.0896154698615549,0.0900208717438753,0.0120555549878602,0.0707951432647876,0.0821508624266025,0.0866760128316324,0.0927085066373987,0.0974092414448482,0.110123679598788
Poland,2020-10-12,,estimate,0.0877982933308038,0.0880859405161669,0.0120309143567876,0.068933268564231,0.0804283131472666,0.0849715312645168,0.0907336987853685,0.0955810844145847,0.107999203044821
Poland,2020-10-13,,estimate,0.0857374235652425,0.0859883857984445,0.0120188159665348,0.0665126106603402,0.0784739658156622,0.0830378252466156,0.0886700542660074,0.0929206667342637,0.105776060676994
Poland,2020-10-14,,estimate,0.0835966347928303,0.0837567727748486,0.0120268622208354,0.0645308431804239,0.0761956114786588,0.0808569005060049,0.0863040718288116,0.0909147099629342,0.103428201431321
Poland,2020-10-15,,estimate,0.0813285132126971,0.0814201987511904,0.0120566152627427,0.0618840674569432,0.073616128439957,0.0785450228900207,0.0843498540299536,0.0886295919718487,0.101329377467087
Poland,2020-10-16,,estimate,0.0790391953623808,0.079007348109051,0.0121067952224279,0.0596705868071913,0.0710717735684095,0.0762491346265879,0.0819692079511705,0.0865284549020948,0.0989385598118694
Poland,2020-10-17,,estimate,0.076551110284607,0.0765456333570185,0.0121768537727292,0.056482127224354,0.0687330503759565,0.073785033751304,0.0794878422137918,0.0839013951304542,0.0973785142384206
Poland,2020-10-18,,estimate,0.0742426661181551,0.0740604417780598,0.012268439226561,0.0538272099717097,0.0662810310198303,0.0712857920179727,0.0767371655482755,0.0815617243254392,0.0945191731845302
Poland,2020-10-19,,estimate,0.0716568012691277,0.071574540924506,0.0123843231732133,0.0512731778695745,0.0637360849770375,0.0690492076777867,0.0742353721497232,0.0790877276574815,0.0919900127254911
Poland,2020-10-20,,estimate,0.0692064455749678,0.0691077249844053,0.0125266970769835,0.0483669685744509,0.0615478948792177,0.0663236295321895,0.0717550826210916,0.0766185737423126,0.0897524447887644
Poland,2020-10-21,,estimate,0.0668156261764238,0.0666767725656497,0.0126973467167317,0.0454921395742076,0.0589421920551472,0.0637013151452957,0.0692896051002864,0.0742607390758475,0.0871853295121441
Poland,2020-10-22,,estimate,0.0642822361250157,0.0642957279645814,0.0129008364982155,0.0433679922342232,0.0563246292522377,0.0612508008910247,0.0669918399863528,0.0722290155467795,0.0847033141214315
Poland,2020-10-23,,estimate,0.0618046785068153,0.0619764390313737,0.0131498154611238,0.040938956296928,0.0537783172179745,0.058862593943651,0.0648390716097157,0.0703900464004436,0.083145548611166
Poland,2020-10-24,,estimate,0.0596038780551059,0.0597292247319091,0.0134701477904052,0.038007594630873,0.0511557168878348,0.0566525591690334,0.0627421347808165,0.0683070217264328,0.0812929478661572
Poland,2020-10-25,,estimate,0.0574456417847082,0.0575635311393768,0.0139031747915736,0.0344851133025067,0.0486435357496353,0.0543799182524292,0.060615054329739,0.0666949595140038,0.0803031159848835
Poland,2020-10-26,,estimate,0.0554328559267196,0.0554884663537811,0.0145030845216046,0.0314605863662364,0.0458916806858769,0.0521522641043556,0.0587770779989815,0.0650004039159333,0.0798198521111414
Poland,2020-10-27,,estimate,0.0533414186672871,0.0535131598303533,0.0153292107862907,0.0278710854239792,0.0433591866767974,0.0497335289527174,0.057129528624,0.0639462840314404,0.0785482528539495
Poland,2020-10-28,,estimate,0.0515500407888498,0.051646938545939,0.0164356842171021,0.0244031864984209,0.0404405974639765,0.0474606083462113,0.0555591118990452,0.062762751655939,0.0782429885374282
Poland,2020-10-29,,estimate,0.0500101731446494,0.0498993310003939,0.017862544895313,0.0210685387958279,0.0378696068577633,0.0454713900181721,0.0546159726259926,0.0621175681532511,0.0785648899968102
Poland,2020-10-30,,estimate based on partial data,0.0485465191157559,0.0482799035028653,0.019631440999699,0.01599404802313,0.0352744529837144,0.0437276161354469,0.0531303081895299,0.0616557714512846,0.0796641917291906
Poland,2020-10-31,,estimate based on partial data,0.0468104300387866,0.0467979254362436,0.0217460593042439,0.0110672451036732,0.0326050214012643,0.0418965088625827,0.0521171673402696,0.0612954313848886,0.082617282545954
Poland,2020-11-01,,estimate based on partial data,0.0454644880312925,0.0454618767959491,0.02419527600187,0.00569679820767044,0.0296926608053678,0.0399134455051557,0.0512999422243962,0.0614098174192162,0.0845923632553267
Poland,2020-11-02,,estimate based on partial data,0.0443193818878644,0.0442788567455873,0.0269571204387726,-0.000573642985674717,0.0271909613961787,0.0384383479847074,0.0505517860313999,0.0620768200244532,0.0878063905159207
Poland,2020-11-03,,estimate based on partial data,0.042979466567436,0.0432540017231114,0.0300027942325853,-0.00584084954622032,0.0248461537259033,0.0364751829405396,0.0502364182782847,0.0626055364456685,0.0920797503385606
Poland,2020-11-04,,estimate based on partial data,0.0421047682225493,0.0423900386612151,0.0333006163043687,-0.0113892951046341,0.0221315716818618,0.0350514771943971,0.0498936938947303,0.0630656610813878,0.0964347417646203
Poland,2020-11-05,,estimate based on partial data,0.0414752319198059,0.041687062705144,0.0368196786744862,-0.0183010341525318,0.0200859429476758,0.0334767247483126,0.0497049777906308,0.0640219320772778,0.100912944620746
Poland,2020-11-06,,estimate based on partial data,0.0412934921863659,0.0411425533167474,0.040532828791605,-0.024976840616703,0.0176534738295544,0.0319889108312732,0.0495490284694615,0.0650173871224911,0.105363939143258
Poland,2020-11-07,,estimate based on partial data,0.0402367086095084,0.0407515671501246,0.044418711936241,-0.0308333024071396,0.0152238351459513,0.0310266057802934,0.0503264700885002,0.0669567980386201,0.109618052514145
Poland,2020-11-08,,estimate based on partial data,0.0388508167358602,0.0405070078477546,0.0484628071041476,-0.0365423480135679,0.0127504778807204,0.0299420132557615,0.0511958989201333,0.0681946788477337,0.115435528761931
Poland,2020-11-09,,estimate based on partial data,0.038389734720043,0.04039988403244,0.0526572261859506,-0.0408902747919392,0.0103993554658344,0.0290557694336788,0.0516819242105068,0.069853449648476,0.121696419485402
Poland,2020-11-10,,forecast,0.038389734720043,0.04039988403244,0.0526572261859506,-0.0408902747919392,0.0103993554658344,0.0290557694336788,0.0516819242105068,0.069853449648476,0.121696419485402
Poland,2020-11-11,,forecast,0.038389734720043,0.04039988403244,0.0526572261859506,-0.0408902747919392,0.0103993554658344,0.0290557694336788,0.0516819242105068,0.069853449648476,0.121696419485402
Poland,2020-11-12,,forecast,0.038389734720043,0.04039988403244,0.0526572261859506,-0.0408902747919392,0.0103993554658344,0.0290557694336788,0.0516819242105068,0.069853449648476,0.121696419485402
Poland,2020-11-13,,forecast,0.038389734720043,0.04039988403244,0.0526572261859506,-0.0408902747919392,0.0103993554658344,0.0290557694336788,0.0516819242105068,0.069853449648476,0.121696419485402
Poland,2020-11-14,,forecast,0.038389734720043,0.04039988403244,0.0526572261859506,-0.0408902747919392,0.0103993554658344,0.0290557694336788,0.0516819242105068,0.069853449648476,0.121696419485402
Poland,2020-11-15,,forecast,0.038389734720043,0.04039988403244,0.0526572261859506,-0.0408902747919392,0.0103993554658344,0.0290557694336788,0.0516819242105068,0.069853449648476,0.121696419485402
Poland,2020-11-16,,forecast,0.038389734720043,0.04039988403244,0.0526572261859506,-0.0408902747919392,0.0103993554658344,0.0290557694336788,0.0516819242105068,0.069853449648476,0.121696419485402
Poland,2020-11-17,,forecast,0.038389734720043,0.04039988403244,0.0526572261859506,-0.0408902747919392,0.0103993554658344,0.0290557694336788,0.0516819242105068,0.069853449648476,0.121696419485402
Poland,2020-11-18,,forecast,0.038389734720043,0.04039988403244,0.0526572261859506,-0.0408902747919392,0.0103993554658344,0.0290557694336788,0.0516819242105068,0.069853449648476,0.121696419485402
Poland,2020-11-19,,forecast,0.038389734720043,0.04039988403244,0.0526572261859506,-0.0408902747919392,0.0103993554658344,0.0290557694336788,0.0516819242105068,0.069853449648476,0.121696419485402
Poland,2020-11-20,,forecast,0.038389734720043,0.04039988403244,0.0526572261859506,-0.0408902747919392,0.0103993554658344,0.0290557694336788,0.0516819242105068,0.069853449648476,0.121696419485402
Poland,2020-11-21,,forecast,0.038389734720043,0.04039988403244,0.0526572261859506,-0.0408902747919392,0.0103993554658344,0.0290557694336788,0.0516819242105068,0.069853449648476,0.121696419485402
Poland,2020-11-22,,forecast,0.038389734720043,0.04039988403244,0.0526572261859506,-0.0408902747919392,0.0103993554658344,0.0290557694336788,0.0516819242105068,0.069853449648476,0.121696419485402
Poland,2020-11-23,,forecast,0.038389734720043,0.04039988403244,0.0526572261859506,-0.0408902747919392,0.0103993554658344,0.0290557694336788,0.0516819242105068,0.069853449648476,0.121696419485402
Poland,2020-11-24,,forecast,0.038389734720043,0.04039988403244,0.0526572261859506,-0.0408902747919392,0.0103993554658344,0.0290557694336788,0.0516819242105068,0.069853449648476,0.121696419485402
Poland,2020-11-25,,forecast,0.038389734720043,0.04039988403244,0.0526572261859506,-0.0408902747919392,0.0103993554658344,0.0290557694336788,0.0516819242105068,0.069853449648476,0.121696419485402
Poland,2020-11-26,,forecast,0.038389734720043,0.04039988403244,0.0526572261859506,-0.0408902747919392,0.0103993554658344,0.0290557694336788,0.0516819242105068,0.069853449648476,0.121696419485402
Poland,2020-11-27,,forecast,0.038389734720043,0.04039988403244,0.0526572261859506,-0.0408902747919392,0.0103993554658344,0.0290557694336788,0.0516819242105068,0.069853449648476,0.121696419485402
Poland,2020-11-28,,forecast,0.038389734720043,0.04039988403244,0.0526572261859506,-0.0408902747919392,0.0103993554658344,0.0290557694336788,0.0516819242105068,0.069853449648476,0.121696419485402
Poland,2020-11-29,,forecast,0.038389734720043,0.04039988403244,0.0526572261859506,-0.0408902747919392,0.0103993554658344,0.0290557694336788,0.0516819242105068,0.069853449648476,0.121696419485402
Poland,2020-11-30,,forecast,0.038389734720043,0.04039988403244,0.0526572261859506,-0.0408902747919392,0.0103993554658344,0.0290557694336788,0.0516819242105068,0.069853449648476,0.121696419485402
Poland,2020-12-01,,forecast,0.038389734720043,0.04039988403244,0.0526572261859506,-0.0408902747919392,0.0103993554658344,0.0290557694336788,0.0516819242105068,0.069853449648476,0.121696419485402
Poland,2020-12-02,,forecast,0.038389734720043,0.04039988403244,0.0526572261859506,-0.0408902747919392,0.0103993554658344,0.0290557694336788,0.0516819242105068,0.069853449648476,0.121696419485402
Poland,2020-12-03,,forecast,0.038389734720043,0.04039988403244,0.0526572261859506,-0.0408902747919392,0.0103993554658344,0.0290557694336788,0.0516819242105068,0.069853449648476,0.121696419485402
Poland,2020-12-04,,forecast,0.038389734720043,0.04039988403244,0.0526572261859506,-0.0408902747919392,0.0103993554658344,0.0290557694336788,0.0516819242105068,0.069853449648476,0.121696419485402
Poland,2020-12-05,,forecast,0.038389734720043,0.04039988403244,0.0526572261859506,-0.0408902747919392,0.0103993554658344,0.0290557694336788,0.0516819242105068,0.069853449648476,0.121696419485402
Poland,2020-12-06,,forecast,0.038389734720043,0.04039988403244,0.0526572261859506,-0.0408902747919392,0.0103993554658344,0.0290557694336788,0.0516819242105068,0.069853449648476,0.121696419485402
Poland,2020-12-07,,forecast,0.038389734720043,0.04039988403244,0.0526572261859506,-0.0408902747919392,0.0103993554658344,0.0290557694336788,0.0516819242105068,0.069853449648476,0.121696419485402
Poland,2020-12-08,,forecast,0.038389734720043,0.04039988403244,0.0526572261859506,-0.0408902747919392,0.0103993554658344,0.0290557694336788,0.0516819242105068,0.069853449648476,0.121696419485402
Poland,2020-12-09,,forecast,0.038389734720043,0.04039988403244,0.0526572261859506,-0.0408902747919392,0.0103993554658344,0.0290557694336788,0.0516819242105068,0.069853449648476,0.121696419485402
